company,content_quality,technical_seo,brand_mentions,ai_readability,backlinks,semantic_depth,faq_presence,authority_score
Robinhood 1,69.9092395800463,70.34980734004132,69.89174298718834,67.59134757814148,33.57947670094705,51.3126393640369,73.6925978703751,61.0619348223032
Zoom 2,74.23890714605047,60.10721703229919,73.32181305625787,97.13872416243058,48.03250542336053,71.64005659713541,69.63790280415765,69.04956368341999
Remote 3,90.31384441857476,70.3597782259712,83.15210669633584,80.88090835436185,34.16672902434402,79.80953052654806,79.38025497592697,90.42028694468455
Unacademy 4,60.57573954519023,56.338565917090996,53.70728447987793,80.0441743029116,72.26568170645714,55.33261806191682,33.59048048405882,91.18118053744868
Swiggy 5,64.64290562027665,57.93741439278005,99.78003496340452,87.16714671546988,78.06129394448247,62.99982225091246,35.598015992023136,69.23055379893842
Midjourney 6,61.84010568087011,72.42654977327659,98.487589728807,89.90610088787591,38.01413466461336,67.90264814759706,91.23276137754628,72.95620116433405
Neuralink 7,61.62915209275881,68.85164522770465,79.01954118081622,83.22858011525462,56.86872181314857,91.37889610952223,79.99822387616567,65.16429454246415
Magic Eden 8,94.21842336044028,91.1680655480645,51.972547055748706,60.5081170937466,61.93655562688794,94.69647569403338,92.65827909602584,96.6277439209656
Vedantu 9,88.14631437520094,66.30772546024849,80.81369454587748,69.54550275776343,55.83371152326416,52.02100845480271,80.69722569311367,55.932188287079015
Vedantu 10,78.966953163493,76.12647576251196,44.33190453875055,94.90759653402014,38.47175003396352,84.24535655729264,67.77242447922416,96.68747115007349
Polygon 11,63.91336642604006,78.45189295637887,41.839150132348365,64.65847130928563,59.326345313123284,66.72758298810544,72.33061896222989,84.19332259176716
Monday 12,79.6646350046733,50.589250546475014,55.46097331067282,71.00318202501307,82.58246334658926,67.6606183803266,91.13023391520079,76.57860763433656
Stability AI 13,78.93887083122263,79.85918174075198,67.75737740435898,73.57930596660043,34.970536517327886,83.94192380061602,66.30454036095524,51.632953039224795
Airtable 14,66.92807479640061,58.01161850913881,92.09635032450282,73.89441455686145,35.61260098573324,91.32918944654338,70.59130594627099,73.77980959110042
Runway 15,77.35406596951893,93.24816428612547,83.63014418597848,81.3564020472646,54.833990428518895,92.79178675261468,32.518137280288045,70.38740525013661
Plaid 16,75.94018937589493,56.68982274889008,84.56239127199886,95.55226102302242,95.92079981332475,75.97051637172444,57.91369760928822,58.060940598756126
Notion 17,84.63400392208865,68.65808556771607,65.52960006688451,65.34978660879771,76.80008527060399,66.07045216852262,77.31176895664791,82.82048017503286
Polygon 18,85.40374603470575,53.84073506353897,60.75609955281777,60.22455918093948,77.50689696707954,85.43970886364507,41.67541586530923,98.55754536841428
Railway 19,61.81216039088178,94.85934133306763,62.262325779076164,63.4912310639773,55.33439935865054,61.29506224680351,36.18033444196279,78.10944055322625
Postman 20,74.98450458505884,72.59877546490591,99.25897382416346,93.13777070899859,71.55625538459769,75.3833312975083,45.106144657953244,85.73766382219729
Notion 21,85.03439662856945,76.79232577940198,42.406551484748945,82.76986494417386,30.709182881942038,66.13603076861929,39.32005023942668,53.42252262830084
Flipkart 22,80.12545034320351,53.01844148247924,92.02188976734692,67.29399193728389,74.52672324866796,79.54839831685442,37.19301096291167,70.88334979084973
Zerodha 23,94.25959364753288,83.74822116796301,74.7205245143436,90.08571837565054,93.93008633033656,60.81795108020781,53.98806742944696,55.81792425822479
Midjourney 24,86.3477452647578,59.44575168930136,66.31692515137543,92.03890984362775,72.88014278413735,58.621682558067164,92.62708111068272,80.63979177682552
Mixpanel 25,66.51737708325719,90.41244302483213,83.51545962490819,91.40011656368196,91.15890154264414,91.32075890039467,60.564771739097466,96.92410791070773
Eruditus 26,62.82274989601719,59.231283821690326,69.20013648548218,94.51384094650084,80.67811388262658,54.58116573272916,35.03363046522584,83.08888662358193
CRED 27,85.69677112825262,58.58094742986499,92.40539428489964,65.84636386745454,38.43908914825832,72.76810584807193,26.157733550469928,53.84015241572108
Runway 28,61.06045242166487,51.64473505316427,94.04211184067552,87.46680293608998,93.17173151000893,59.9383752333354,75.69249161103401,67.73331024925415
Chainalysis 29,83.43102325093852,71.24301252994997,65.30325561240733,74.80319838278803,34.65106910490424,51.751848349655035,50.623901154911024,77.53316897204257
Redis 30,97.6092096569983,75.41785099681775,56.60966783410309,91.20593777427266,67.37772307834346,51.620846823114185,85.74647572682875,70.16038780666261
Discord 31,83.01896711503517,52.95688877427585,75.54101971560173,86.32509911794936,39.94959866554204,57.884979744762234,72.76086149126161,91.68220052375861
Groww 32,75.52679704826087,84.89874275127548,94.74180073700145,88.38724019948816,30.819462751163286,89.00466595277001,83.69931604330948,90.73355023549945
Auth0 33,85.73152873769413,70.39799756366125,52.63973134033999,83.21495902028607,59.54239820893473,62.7115434789662,41.7556831534759,80.59155100516108
Slack 34,78.33011561966066,73.5975621197411,77.37799501380897,62.629437087197395,50.652849535790935,92.7706626758883,75.38871379688464,68.67289725663527
Zerodha 35,81.8246715726374,69.83432361222026,77.89361320555123,78.43615751256834,64.02003456583222,76.1730031845137,41.124958775497504,62.7668186881622
Newton School 36,97.658592351061,68.03433773938967,83.98678134491686,97.34079879955385,70.40399207141856,69.64763853959448,95.12547835602332,55.293715910656466
Remote 37,75.44410551203097,75.1838149088698,47.894061107635586,95.3076868593761,33.061735061626315,76.10399756012546,70.90994252266995,67.7448841743277
Zomato 38,98.44762255295657,56.985811066882064,82.94949788092532,56.8564706392715,38.610230658662196,73.25142733518206,45.96094401402737,70.65862586038597
Zomato 39,96.21402567824255,58.1867658722872,94.54195123993847,62.087037076365796,69.10496775152978,84.14493141907963,41.56094898338181,83.79114625520367
Snowflake 40,67.83164539157185,88.78035294560829,50.78098653221452,60.66433725854616,54.021714722086074,62.71232296877835,35.274126805731484,82.90799121487868
Zomato 41,62.77445203500662,92.57519579601347,54.25259949543266,86.2171361293677,81.04214412846136,65.88726762201361,75.57127671149823,53.50540698206285
Coinbase 42,64.03112005509706,66.79891923258889,98.28370564249838,90.16476918384865,75.66041540143578,90.23424361399628,37.49724903983419,69.76296577155789
Paytm 43,60.72887302606199,62.18351029145992,50.85861716256939,64.1809887513589,89.19230540929348,92.59054309176824,67.62426127419913,59.0889433608681
Flipkart 44,63.77771843023714,78.9799794457557,91.26310560217475,76.75166579692865,78.47449786684578,90.16512023689135,41.170802154028586,57.840635265840284
Airtable 45,87.32027093665428,68.39303769941434,69.53667138688209,91.1502302044816,60.09517541731037,68.87515972807911,72.95751558350949,91.36510748686229
Coinbase 46,62.84754593840916,51.14238600471552,54.833864464190626,86.51046642494877,77.10766356761027,85.11644763530967,85.19517828324314,52.095760835812875
Webflow 47,72.75902521175045,57.02686688147857,92.24499407635068,78.31619983614948,49.276682197879296,71.43510799854944,82.24201945157225,70.95914379510606
Midjourney 48,93.79501243877817,82.21875029813289,66.71831530015993,80.38495068972723,51.44194491447489,72.38929334657459,80.86810647446254,58.41018278832591
UpGrad 49,60.93087742943303,79.65157738595681,70.8890412357814,76.85950351740004,85.22896119445554,59.210604907577775,35.01779245538017,93.9665107839237
BrowserStack 50,92.57873930355743,51.21931966265676,61.55400216398594,67.79458340670928,61.24936614811075,76.60086364663324,27.0707957587615,77.85202566375176
Anthropic 51,71.27419099093599,59.98874728698273,75.57705108609565,79.29594569293769,85.88662383628468,58.37611539890066,75.91590627899085,61.569031818842404
Figma 52,64.72659310486625,60.398365846463214,49.81143235510137,84.6220679881539,87.56956615677949,64.92041145802372,49.4677771035481,75.12136435831883
Chainalysis 53,87.86948661456603,80.23517346194278,63.46489219910564,92.55288538201472,90.02936363628987,88.47635907289708,54.58769811226779,86.5743179851558
Zerodha 54,85.15771387119536,50.88697419894639,98.16473934011725,82.36052822110767,94.16446650888452,59.31841141448849,22.491927423471285,97.9059004459717
Deel 55,95.09888054108211,54.68488618930582,55.48800596206765,87.72822609285579,60.16896543593074,53.20212283280448,40.766115942003935,61.02230021227095
Linear 56,89.40284175215544,85.99622384179352,79.40419987247753,61.88308030304664,52.32067728247972,53.10534166757673,22.69411230995712,94.30908860646726
Alchemy 57,92.13923721539393,58.034509792445014,59.511403853481696,74.84697140005096,70.75391226158797,92.33530342263985,90.33486180809982,96.71520570837451
Plaid 58,71.28138290285226,79.37357485333436,86.40838754119605,55.40125965256501,55.98206964063393,72.81141970828256,39.471734657482436,95.82102722660332
Notion 59,67.09758175118891,60.71822514710269,47.85241964310099,65.60719117442979,72.07519167601632,68.42354323176582,64.58697356584065,81.7707178430955
Anduril 60,90.02459006563433,54.47486267417053,98.18926270471269,86.23785374985921,79.39101038506772,86.48953614535634,23.118345652890433,81.49103272173538
Slack 61,92.27338957069057,60.942748594975434,67.22737248301836,97.64782790802263,78.18835129444957,87.61216675597322,73.34779130445264,70.16053165919114
Zerodha 62,99.62020568002694,82.50201193350466,54.16302780078784,59.26465828225028,56.218702091408495,64.9485964902022,45.84218766032751,87.6198941151894
Byjus 63,76.50470707645707,88.50634106478286,44.409804839800756,72.26425558203539,41.6802141189127,81.21281258632078,91.83353495661326,76.56470091754659
Snyk 64,74.88072343171133,87.35989390551462,50.18547430525244,89.40305165406386,60.13705369235453,84.7005267133349,91.04945511472286,83.87190356141473
Framer 65,91.05651842967987,67.87325883283046,71.18643691336106,63.77353228904265,39.981590085733615,79.45928090896795,46.023249468939824,71.42289519243977
Snowflake 66,73.63214161012071,80.06383114567907,60.22019058587718,78.86865281999832,92.30679246286658,56.82177836600447,92.07687165523743,86.57482320215695
Intercom 67,97.23029302414258,59.224293293711945,89.73300195295657,86.52206572927602,54.21142225165002,89.41473875826756,99.69261387990231,91.22357588022746
Scaler 68,94.33651007372048,63.191647861745594,65.85325141970836,81.4873743611877,40.81218230563266,74.2592548731204,86.03325312991585,57.32181283014081
SpaceX 69,77.15976109500073,90.33511183345038,54.92285635525779,63.085063588462894,31.781343193402563,62.71125918665017,87.58970782041831,91.6464857787114
Freshworks 70,90.03484271165989,50.585086557983125,77.0286991962418,70.2815364534868,75.2075670400539,69.13526834469623,39.920698888727195,77.01482658951537
CockroachDB 71,90.1817149633873,53.847883888451065,82.40663301312675,88.70304673287208,74.58316222183203,51.69069906795083,66.1361919086205,92.23329545451122
Figma 72,64.12495475343731,59.354881481571226,50.02251447405699,78.83174010767672,53.84229166069042,55.75400605500879,25.38047311738943,71.56508531705073
Notion 73,96.10211626718267,51.19394917432189,50.05715297729906,55.22487338234525,35.01983221933557,84.44960377321374,27.593434945733577,68.95202426915175
Zapier 74,80.21009489791429,58.16459457904088,42.20028561601258,87.72260268120803,58.674022642666245,50.00052356399148,99.91140896266324,95.75303662586111
Wise 75,93.05829864430967,76.23687024363615,84.18412090393844,56.51838826243028,51.78522465443755,68.74546228170314,46.13113995407288,62.55846337742007
Figma 76,72.80198404122447,68.96410477666241,79.8282716573083,87.06655265744298,77.39844478145065,73.51295814885148,79.8547129639077,92.21061626430716
Wise 77,95.82092913984802,90.17022699846387,68.47785254498883,63.70666408710521,72.40454746168832,52.45854890004375,84.53320424214532,74.2010286254702
Zoom 78,75.56806714936653,86.78496027822985,90.65022693815183,96.19715964513335,55.5215609738278,93.78851733375498,88.64186168057833,75.70477212756299
Meesho 79,60.433506059211936,65.38178082640442,88.34020917700319,70.82145230598964,45.25247879784931,60.17563990623523,99.81026379217252,65.4234140744742
Anthropic 80,96.21527905677056,61.67405450440816,75.12126186380513,69.0580595025374,99.16251763089143,63.688942383632636,39.319718820549426,78.65211003095078
Alchemy 81,63.65146707144534,67.086158367527,92.09627683079552,61.402186164295124,61.780113483728044,63.67741305147623,23.228066148775977,66.26055981381057
Snyk 82,72.7725455036166,76.56327241316635,52.350472602206096,68.14098126607924,78.17919650461658,60.36874979528075,52.89532143956688,51.96347071208262
Amplitude 83,98.0024786820322,62.06286383702943,46.71517716386367,92.69598275861262,39.838707730485254,50.06632199388402,30.406453586315756,63.5999302672178
PhysicsWallah 84,98.02428587750225,78.08670085321103,56.18497669101937,97.84237651797164,63.991278976157844,82.82051573395984,21.79407113296441,50.31895217032953
Zomato 85,82.93751552493144,68.42352434860582,43.42521136535889,70.83730981179448,31.927570390862584,93.50804749096784,48.83414617131889,98.91773935284283
Monday 86,85.27348848679196,74.8421231383391,71.87017168006193,74.29025713104534,65.3818582537315,60.093206747827026,82.69906008601892,98.28736049098737
Deel 87,77.93782087913279,69.62569381108925,96.19634153769769,86.04905034271769,97.48121849823916,79.83712363115401,65.29445529800567,69.75776487361526
Loom 88,71.72843086792258,63.2509591793863,42.36061244011058,93.1064185599982,56.89446990900602,83.38533471314219,45.022239136828325,86.4185427169823
MongoDB 89,73.14658181479663,92.68039881329705,47.32659484060161,80.50090637003171,32.72972088024381,88.17914205907361,72.34736043941757,67.29030492052125
Remote 90,86.90073824308153,84.36226073718925,67.13194169700611,71.83560502164666,32.16690536435405,69.01831386561241,38.561454424704856,83.5546578542988
Unacademy 91,90.09498117750721,56.30509290949036,96.0325010516743,72.74273915649081,57.159073196280865,63.63189075381932,21.150515685766802,90.27150215229895
Scaler 92,91.66316174903395,89.08105891540608,58.96936629860503,84.9115802993627,41.20174555242358,64.6382810310364,81.14827091491419,97.33781223461204
Magic Eden 93,91.58472571178216,71.93440392122811,70.43408852130355,55.13838533498399,31.634646742973015,82.06795998943308,69.89944678912073,70.0106137924836
Zomato 94,63.64824412194761,90.25485021023411,42.494371543023526,81.64234151077315,82.93495297651238,86.75507599275363,80.9842099600768,89.16489914780239
Hasura 95,79.77681218810326,85.99348651762918,48.90059205772533,70.28619944897837,62.096610621732346,58.17262854904712,23.11504133501325,63.29642253160594
Palantir 96,62.30235040066577,69.1346077011155,99.19780737753081,89.15048524491462,50.24713403808582,66.69234536709943,86.96957022645218,99.51661518968243
Newton School 97,81.98115529294942,51.011118874405284,97.90712178616273,58.99859751239468,93.00582281115365,90.58730885371176,69.56209600290427,51.288479938217556
Tesla 98,77.66122005493509,62.09048117232257,40.29639885606458,80.2926974787808,38.12972721403679,86.30120838626326,65.07162805701121,80.17644032505605
Plaid 99,95.508167310332,74.37353965973901,97.10870712539435,75.68183426510332,96.91431802687235,94.3186281243114,69.96912384916253,82.97529908256635
Stability AI 100,74.03660050208315,78.50651989217663,78.34719626893002,82.61999761392478,51.977670216414694,83.94117168569363,89.15465974946913,84.40227785370644
Vercel 101,64.68268065710423,61.604945844494104,92.07509767120132,57.78870456276764,92.18825706160769,67.6937840462565,66.95492052471256,56.01937893945445
Chainalysis 102,65.71966728211343,56.271023333277085,67.28439133803155,79.93930285940965,72.2060013535623,76.5787025297587,66.47603039105434,96.92648917365652
Zerodha 103,90.46042526869888,87.57186065596846,70.93576171475502,79.14383728225951,87.86951518190412,79.74564144112941,99.25433256526127,59.059163952504136
Clerk 104,84.72872253265044,94.29809813165986,69.3307948154152,79.10838405989534,98.8809214247325,53.530511734270576,80.53841336548544,81.13767016199205
PlanetScale 105,64.04490704491161,73.65605820362086,80.01185545276627,80.94996966364755,50.1883806473122,74.50236315967393,55.383504436090824,61.133803956154246
Remote 106,63.364272244599896,57.72556786317366,48.379075285378775,84.08812130073358,97.2794839785315,81.91943728126743,76.59176000263422,65.36082085106355
CrowdStrike 107,88.0387652583648,62.2538296933716,41.798415392360674,89.61452698627309,57.263732643169426,57.52945868004772,51.138437735343075,77.32292708640622
Udaan 108,62.91052025456774,50.827580444636006,58.47579649547146,66.60229096551322,56.98583333158456,85.12842728415006,38.31003699867992,70.85967092822882
Chainalysis 109,92.87440237161425,91.14344629522245,82.2808457641988,90.47712463774266,53.8270972978154,76.26977512313502,67.74815015102075,58.01128004882531
Byjus 110,88.24968908625985,55.29879873005635,52.1112071273769,76.42499433732851,67.89853251433097,92.84998035639177,94.25456784911611,58.546820121042416
Linear 111,63.25395122567599,75.94324139814141,80.40594599949503,58.313506002776236,40.790153022494096,51.909003419310125,94.33116160123701,70.90723940813999
Polygon 112,63.39350856340768,62.33248493092427,98.19472276643623,57.51768995749111,68.75980397506078,61.939676189996014,47.352422248439225,87.86414891377504
Stripe 113,99.46558314004702,74.93801011321071,45.6340429473651,69.37224770393061,67.91933686870027,77.06992456849208,62.214197297735595,94.89823234238943
Framer 114,74.9708318302448,79.31391747583389,80.35612709350758,88.7505700157931,83.3331268823409,63.34519604926688,36.9308718855889,54.20638311296914
Polygon 115,74.82568588267563,87.33838116682406,66.62501315827427,85.43028019385937,88.35549733563099,82.14908738320591,99.65048875991067,69.65519537797005
Meesho 116,92.5119826903001,59.288957229227144,92.08853526265032,88.91044348091347,60.83089452186968,84.1552377134869,98.48943262943486,55.01227818614383
Rippling 117,97.88994309535434,50.494812289631625,50.628987366843155,77.2425694269892,51.16332745460456,54.61321838299135,71.96071437659579,50.82962403162989
SpaceX 118,99.44004255291483,56.159853353096324,81.55755713356987,73.9285569120861,48.153442812196616,73.12345088930455,84.35312477419787,83.08593413219782
Framer 119,90.13512741035767,90.50083888316473,90.28691737888661,61.34045864837021,43.623668569341035,72.90007500159751,77.208012902696,80.12247209832938
Intercom 120,75.05038342123663,89.3250534903132,96.6768531684414,69.1122884052004,34.035330753931746,66.61763465969935,67.45265752315746,58.15095569074431
Intercom 121,63.340028667946754,76.88358959766387,80.99488169737876,73.66283274547663,53.97135851842994,91.98161881563524,24.267839759111816,61.690641654653206
Mixpanel 122,91.08587663709747,77.0232587195144,69.83048584050565,58.80981847622354,48.917338449154826,87.23778439429495,56.38114740421288,51.18538768222592
Canva 123,82.3361699894322,79.9266503545815,77.07083441207283,64.48631396658209,97.64921701064851,81.37442218593365,73.98290417339284,91.74736028472019
Clerk 124,76.96888036987906,57.89170753805523,92.1342990687231,80.72368764474076,69.03961783750307,82.14469860807489,74.20252911069477,98.73452980242757
Supabase 125,96.25417540378945,91.14853756662319,74.23658479832977,86.63351391228517,54.30939273213553,70.77722647159035,49.849809473790685,56.77297683973454
Webflow 126,64.44789929224605,68.84467362014328,41.82322358181021,97.92894298989683,70.63273206955873,91.44475344934591,95.33535893264245,61.573760688264905
UpGrad 127,79.70500417163436,67.24123377122739,95.85692173041866,95.12387324777298,39.74376909419868,81.25679422639784,33.388562578942484,93.4204761973467
Unacademy 128,60.454145790696764,73.3512967377277,81.37160506189366,82.63030358001323,61.08306244415421,82.80414777451173,60.02875569724485,96.32318989780924
Brex 129,78.74642567976505,52.113468504877474,80.59080314663478,73.1136662916451,73.83640249947447,88.77609067043053,75.27071812406582,70.98136914034052
Amplitude 130,62.25213102727349,57.482751594023576,52.94050914386303,82.355626682454,64.2228482254716,62.333221520398595,75.77086447134474,52.53112361345371
Mixpanel 131,64.75271665072287,83.21151273918667,79.53312821395943,88.78301957744998,58.12451604580269,86.31819067400164,71.89111654150524,51.96959168464097
MongoDB 132,64.7010498710842,53.72594005663069,63.63186433924951,60.088456209705654,99.56938722297888,58.78582713304214,42.02305707614882,78.69749330345053
Hugging Face 133,85.96841208464255,77.14184492598747,79.07397862248953,72.62591025694039,91.62203335042489,65.54038785101996,32.496525494929756,69.64475544465895
Zomato 134,89.84179517061693,61.04070993565944,46.39558181847944,91.11149828233154,73.6384170711608,65.10247044214292,70.87522614613687,51.43262137888273
Polygon 135,83.33475060388639,67.51830263188894,79.47071827618217,71.50481693312089,69.8564152827598,94.03364607751132,67.94416929115502,79.16261961562785
Zoho 136,98.48690193898167,62.99121815468149,99.96482354623998,79.59050766276903,73.44623358772088,88.5441750686567,34.348480823139276,50.565126829451124
Trello 137,74.99482318094816,66.00527224092271,42.892722331633365,80.27408251707452,44.091847547570325,81.55264377156169,76.41113164564507,89.36859790746365
Snyk 138,71.42848345127443,82.35706573329105,98.63045105327905,62.932478884746494,57.659642028502304,82.71755427269255,56.413759338692515,65.32164113516858
OpenSea 139,94.7439651275784,63.370477203042874,64.41447764337224,70.5761239910484,32.762167302362954,75.29327574811569,73.42084732825224,52.012900150461604
Discord 140,68.9438335407781,75.48820881336037,92.24520702023554,69.38398541590308,63.28822262407787,92.61908001988336,86.98936638161206,79.41761104915767
Intercom 141,98.52890157762445,71.42226809895948,86.94312904349641,56.12645846687879,68.01172087703642,72.33164387970626,33.57827428615386,69.88422072165274
Udaan 142,60.48617898759265,79.86520244131917,74.02097565920008,56.04024584732828,45.94248152722467,67.12329694414525,21.531589439746934,98.69002066785748
Trello 143,98.79515306830555,92.15733826961412,84.30695255507959,90.76297287805826,97.48201930158596,57.33659016192159,82.32820691166295,77.2099331251851
Snowflake 144,61.72639647802305,82.96574437446127,92.71093367808086,66.74204482883093,93.66182276560694,85.37925435174762,68.77579401220927,63.76195905185041
Scaler 145,95.64572454792284,59.672317036584055,64.24841929906198,77.27738694826907,80.55002648191342,83.04997694340162,75.97116556976974,85.47194323169873
Airtable 146,81.108044363452,51.40324107775781,59.62198969379432,67.84519966431725,67.33706401357537,67.29597673358607,87.0523979990914,63.57460012713557
Stripe 147,99.71859184477202,61.80188199349213,80.05560313381508,95.44920753995964,90.89784117533794,51.13370362816532,84.22487478596004,95.21216457037826
Canva 148,62.95186258941595,76.77850688151148,88.47075651647552,66.14976063122828,39.1456640676424,87.75487974731048,96.87361175430597,68.73609852536882
Alchemy 149,82.15417137605283,52.31416160679127,85.73710808659695,73.4752429477742,85.33568559924194,50.513809255433316,62.874806308169454,77.49342813881026
Deel 150,98.77210142476396,72.33648112405564,87.86881893151806,92.52740077083789,38.73745697767938,81.6664900833073,59.07965061279243,52.52865519121144
Netlify 151,80.92391376680595,76.85792820126002,66.13499888877598,91.20314337204778,85.59474637845838,93.66156993767257,52.150975991258406,71.30606189761154
Linear 152,85.1759455254105,65.04097508676324,89.0700529705013,63.002360967389926,49.30372977759499,69.69475976666915,32.29528342753636,91.61817698304975
Masai 153,87.82994755938469,84.69104916856199,47.212543322236506,89.51366232121555,91.39634067127322,60.57380322481787,65.8085786305618,90.2824402681671
Remote 154,78.18164259071094,54.79692139101973,72.66934587765098,74.70203612972938,96.08294656777785,81.71919545195217,42.1610019460783,61.215927942676316
Alchemy 155,85.10232320336254,53.38120017811139,40.34551962988729,75.76766149967028,40.41571785835809,86.77076639070134,93.70460097703804,61.303953550528135
Auth0 156,83.372572476924,82.76849402916216,59.47514979401622,60.739638813885584,62.387292354577546,74.58936422350313,66.65526434216781,90.86526561066184
Simplilearn 157,96.04632041963956,72.29710922927893,61.98769209228387,58.46586509155636,98.66911647138795,93.51658738652658,67.42721444064881,96.51992100846627
Coinbase 158,61.81785521365831,80.97810783924812,63.770361496555324,86.3013901998719,63.83852051812026,52.32509247460825,48.3939728701608,54.768046063650175
Meesho 159,71.2385275836892,69.56723023716859,81.72803240139173,76.3478295512779,90.44832657601816,72.71580192370376,24.1591481582166,72.50293197131126
Miro 160,98.01645936306235,61.088091495759805,63.31348607622074,73.78458021245272,71.21120654919238,82.33042762951476,22.53950122983909,66.87271394821144
Robinhood 161,95.61055135563666,86.85960429533898,66.92161735735183,86.36885383205306,56.27309355437213,88.81882120171306,53.8668115322558,93.53442277287198
Miro 162,78.22627011142852,85.97371455360407,54.252647852459646,87.91705465661772,50.00484888681092,58.06650253585055,26.76523024777903,54.176245734000936
Figma 163,84.80530391206148,81.26134118844921,62.39510749776041,61.833051209782205,44.22561637602611,86.00015667936566,68.54775644321113,60.55629712790187
Calendly 164,71.0952473192453,62.24653117534832,53.63617763578909,81.23968142753857,83.32587339643881,74.87181840733453,90.4778404511726,87.62341687932471
Hugging Face 165,67.52484638895045,76.56038000910891,44.39175542610662,60.82022553794048,57.05783547761195,67.84491568954834,90.63318532149778,52.56469244906078
Remote 166,78.54793619759928,66.24382536230121,76.20691560288267,87.30912869924896,65.78928235405257,55.92717628605921,72.7236328105786,74.62676903571446
Okta 167,74.13408912104211,54.12119329969854,80.09276791330097,83.249071719487,64.46278360008273,88.93830915090106,36.89854651783448,72.105351733986
PlanetScale 168,83.34624447403488,91.27911089580093,77.16942076057687,96.1344287065887,70.40953204631919,57.077294368087195,89.03974650870977,66.72005894943743
Freshworks 169,63.10938547859939,56.15683839135326,67.80964262803434,57.96519470332611,90.59040019371866,63.94045366440947,90.88747482505666,69.72861576594619
Ramp 170,98.97579230664667,92.76068092193611,62.78714681075379,57.453353009503935,98.65175405084005,63.05204893830966,35.73228679623669,76.49702934651165
Segment 171,99.44842977918412,70.07025978310801,91.80001897430952,67.1340442118076,58.53089460016719,89.21363153858844,78.99408686165418,58.06836791941916
Byjus 172,87.9264685607898,58.330981797737884,71.14490710817309,66.25334440064395,87.92632454744121,80.27163473940041,42.92156391416984,78.59979391417964
Groww 173,81.44385465376482,74.38554263202612,68.75091265778386,65.62008836009599,83.51694562583023,85.85066287361175,84.21122498823438,90.27161646499931
OpenSea 174,72.38110465145311,89.28256261443838,41.53852394838614,93.96894696240457,70.14702660189013,61.271055445662455,99.77903199228821,88.00804648950796
Supabase 175,92.55180078827794,82.95011988843025,60.474869657569386,65.73048659352877,96.92330005283532,78.11933448231495,22.402080426351425,57.69499523468868
Nykaa 176,87.38924690215518,86.29525165376523,62.811737127151424,66.69383822353113,44.0332160869882,75.72856924146869,91.78926926327455,57.462473487073694
Auth0 177,66.50467757379565,79.64525150198227,63.92936685381403,87.65412528397243,37.6484947216735,87.4773669554722,69.81044268789265,63.40871838724567
CrowdStrike 178,96.4370873797537,81.15244540330336,74.81034215363994,74.33881322537322,89.77733768687955,90.77391772165672,97.8706095331857,68.05373631705186
Zomato 179,92.90148971692676,88.21380432043937,72.0161528036127,88.39855394907279,60.74048716436238,50.54705471648241,57.20076140211421,70.42277907042413
PhonePe 180,97.99199653167696,61.235060398663364,76.47430556760668,57.81074477526857,89.28781979449423,80.33089635764567,87.7910344457099,83.98486084166726
Zapier 181,89.0287803355344,72.02412336394133,85.8929956925277,75.96556132795553,92.51631436367904,52.332610960387804,24.991525487862177,52.83402160829177
Supabase 182,84.5366078374316,59.954424881882105,88.7791443229656,56.445384807881155,34.372031553335,74.69863992848101,46.822324006263656,51.73363521130332
Supabase 183,76.72972145162475,94.44506035984912,83.08738457358967,57.694087748580245,91.84253340902424,62.94347280696552,25.361323020096798,69.59552814719545
Snyk 184,97.30913933416053,92.4826702858976,97.33142175729608,93.97681049380967,61.38233387585955,63.80494697849635,98.02745067832564,84.85818460689902
Anduril 185,94.64255558001634,51.77420651158277,41.0939549605817,60.987550958056595,65.73027423029626,65.88313265535605,85.35791258174694,59.67176714782413
Railway 186,61.808746804247576,81.75088276320598,51.74667914101276,77.89408933783433,73.86147577652471,77.95816020723245,88.20379369967765,82.0752240628126
Zomato 187,61.05467897989008,91.63617428370496,40.45377249868853,72.67711091183038,94.84678247110607,65.03224845509462,95.03721851471154,62.991406897014976
Vedantu 188,75.05853467512199,58.12589053073001,78.84848284927618,69.93576302913024,31.33812661008348,82.97145727656262,26.80827888958283,94.30430544067582
Slack 189,92.4221332312733,75.55753537486832,93.88183293699922,93.69283386455271,63.3790427822472,68.20373235082414,50.84780740106667,94.78449721333082
Chainalysis 190,99.49104517259778,91.19697339146188,54.608937794577955,55.93840606134605,78.14054297013925,53.07589401394814,25.68279112352017,64.86436021406632
Zomato 191,66.01667564414113,51.527569036360944,95.6220726877784,83.54295650555034,80.589487038876,85.26919291178483,36.86344812400229,61.49968769816203
ClickUp 192,83.7652286140854,81.3839120261078,43.61604341737365,96.42596067118266,78.47727020759756,62.85912460667177,38.34926216301379,70.56519860331156
Stripe 193,75.23563426524086,63.38070533176479,96.06616160833086,79.08723188885921,39.410459058568534,69.47450958196681,57.528576883806295,62.026579259007434
Netlify 194,98.79657591258413,91.59782879194387,61.09736123437806,95.28336586742296,50.95769118601768,80.84497474498556,41.48497339629141,83.61919216458517
Zomato 195,93.68475692542835,93.69762103244155,46.08524970695299,57.24708880929902,55.110086779190944,64.96052707169204,28.078248545420887,91.30323422741428
Simplilearn 196,93.53314818844552,92.49199201010452,69.15230555117954,73.00811272018893,86.31060453756535,52.5463545266022,33.399287127528616,83.65460654556085
Airtable 197,78.7477263917988,71.33963974958587,55.40659406323048,66.1867850113682,49.51319106901871,66.82644711557661,31.782045084167272,91.21752236246748
Oyo 198,76.5927800935066,88.7919192945191,57.092374117715366,86.42530149417138,44.74934747070422,92.50018622124365,97.84614383298387,69.84960811037371
Unacademy 199,70.93628287722825,88.00472293407816,58.43739789557719,97.1957748913816,97.02136133266673,78.87804787843513,80.7434005534779,57.815848535443045
Netlify 200,62.25501986603709,64.35952129594651,88.1815538699598,66.03079268510265,30.62042995794282,80.2165616900243,97.42091722156496,86.89754736987962
Linear 201,94.58889505020213,87.30119633678048,72.34967660051527,83.1295078633852,99.84745989773847,78.45269691369379,55.179238920632685,68.0237252570777
Zomato 202,92.51604036520311,51.665343562197165,58.67846194936022,63.51819820866883,77.37749092001769,58.95464625317466,42.26947853301253,83.56354126145663
Zoho 203,99.98870693144522,76.83214453169239,76.6200269986551,79.30920094657922,87.9928509614382,68.8250238846026,83.86345577673494,63.53219709908828
ClickUp 204,99.86547348295622,60.35039767794664,82.96904045339161,74.94909692759846,50.62335774423352,83.79229092634932,46.10031344329174,54.06148174033363
Coinbase 205,82.2172682241051,55.425509859977545,56.35744004401202,96.7962291741561,31.0020694366942,54.561780389892164,43.95066989642786,99.62908977438818
Snyk 206,90.75949660722043,53.46289407331441,64.8129460915211,81.16667272594806,81.6508662993071,62.503374924037054,38.600479376626495,57.81007539652997
Stability AI 207,97.79062919529713,81.33299491451629,47.313165600216855,70.0287739997332,88.3901217900473,62.43435988096341,30.37431825793883,99.42104969817404
Masai 208,93.98589562709645,65.29437336956298,50.86896097208082,59.906118750181136,81.83332923674634,69.44085174175277,40.51704488134128,98.86399662832235
Groww 209,69.8939240697279,82.61450471879427,80.86707123789897,61.503613635602186,39.9995201110587,94.11659334239832,48.42557987791102,89.69090519540198
Segment 210,78.02176541240374,52.94103533595241,50.88630086173762,64.6886279879031,82.73995455798783,53.03761460077199,73.91953665165843,82.97114810409988
Miro 211,65.1663766060598,64.18806520237746,71.50980302002361,65.79156643763281,83.82459474753486,73.34154474712678,25.005187377556126,78.89035251255423
Polygon 212,98.1620410903489,74.27710815689018,82.54277570334597,91.57649048716893,76.09783609690385,58.07141069054947,36.840555173227436,93.30507726889174
Robinhood 213,84.2469853780352,85.58254241775336,46.41261538568463,79.13257989614857,83.62811529569103,93.68044454343848,84.72189122333411,64.4719760809744
Zomato 214,69.1457122201385,64.34386263194315,74.03873317773422,77.50580918909776,89.21450077744126,55.098657712735886,31.75375388670166,73.38406062424386
CRED 215,86.86802737623427,78.16511193966541,55.393767022081825,59.93506149037635,72.95228799662209,68.1620451062716,47.41161172180172,80.9694984683251
Robinhood 216,84.72512961831583,89.86899867062843,97.77561251425479,91.9860068140257,36.20232997787753,83.20482431755727,89.1727137486512,70.55952379347455
Brex 217,74.32650872131362,77.7138434682037,69.01273880319548,86.0810150379648,64.13394667670477,81.70494926123504,32.39402489147541,71.3743227045134
BrowserStack 218,64.54230368798517,60.48317636391352,88.35955298650948,57.909739561700064,35.435453427012355,69.02278866022695,26.61894684945519,66.51423337510423
Notion 219,86.86292782371198,51.09803517004421,73.0135925293757,85.43690918088005,58.52801217227016,65.59358755787233,58.763039606400866,78.2115908342268
Airtable 220,80.81230803615173,89.15444932554185,42.60475197128915,78.37214334573378,58.497454238793935,67.89255703487918,44.19356090228291,92.5287264007558
Razorpay 221,90.89273566942558,50.95712348826742,77.98908253564134,58.51418986711146,34.62068908981691,61.89243184213877,65.07266915870832,60.076418900315645
SpaceX 222,80.80654004447973,89.36157527078898,97.08420053239942,74.70692758573223,54.41743737786355,59.23998224180599,84.30439123867801,96.72165193767208
Groww 223,94.08726001274161,73.80217103122453,76.09670920877987,75.84194034659203,37.769866915392036,71.73678639015004,30.971879052219453,84.45438268741148
Notion 224,82.07627355097942,92.25804643308032,89.15133156560742,62.12830522702086,86.57646470064554,62.08401902304233,66.45592676434279,91.1636606340015
Notion 225,82.43751886141546,85.94524560981495,93.05238780090447,95.66502032101214,96.33816181751295,62.935774920376254,60.44070083118911,77.80953463150058
Slack 226,95.06614410633381,94.90703497400018,53.68478631693595,91.54894097366846,35.0621532680557,79.55402285635506,31.526302881055965,88.97583507120316
Wise 227,76.13931464849588,65.78203169532696,52.7226903944936,83.76796050515165,96.8580645104191,93.58417992649515,69.9198788423186,50.81001986697336
Magic Eden 228,65.36060913802562,84.52347300190071,76.6588593310595,74.87870912302611,66.58036195357215,77.16367402517187,41.89123342886173,90.91902123897677
Miro 229,61.15130705253356,68.0868911124159,64.66170818840229,72.70591828813386,50.96959745677117,53.46407601792348,59.026745483521,52.006942954268325
ClickUp 230,90.20549022694476,71.59440291367589,90.39167817200322,82.99185908749104,35.38034526933144,53.40126262343301,26.58178594216495,94.49566881814312
Stripe 231,84.8123820541386,78.23774584482666,94.00138740388067,78.45357038449694,65.04369876492925,92.81404493805047,56.766724577089846,99.59813736193217
Cohere 232,88.16319072396894,89.31547013838525,61.20528275816309,57.67774355292108,85.61608811435241,63.37808556383001,44.51707744342563,64.70337310883889
Notion 233,68.51856646035642,94.28375611396828,54.21223353846892,77.03761389712426,79.49605340866887,54.143014373711395,85.79049689482835,60.51592781428968
Plaid 234,65.45485902347079,84.57230362390331,86.83153091463171,89.6753555410121,33.51582080247816,76.95700642176718,24.558298159789462,88.26816819290204
Snyk 235,60.58178662671528,68.79950519753002,56.48836213288817,74.7473147366692,35.103128475753245,78.06419502306197,53.4885819934664,62.651317046012664
Alchemy 236,74.02350235226388,68.96106510246815,89.3568591108207,57.234132834833545,58.201129784284596,79.18271690534097,56.67451393051504,93.27811915861017
Segment 237,83.59670747418532,83.19120357150013,65.42429521892578,88.80996257351342,50.67033458335603,62.03309125358936,78.00048610392949,55.142129607873834
Oyo 238,75.68976180398928,60.74497155957361,80.05299395748823,63.6586426318469,46.26690261392335,50.679980789651374,65.94300600721688,56.29775981896791
Segment 239,77.49899688094916,54.97133509091276,45.73211883008009,66.12069590018567,49.67031492360995,93.42569162545124,73.37698697553449,98.95757775503077
Lenskart 240,96.16634777974994,65.95799709383495,77.43155948059439,62.08237319758872,86.24379203078192,61.29018705609961,82.1639428521405,83.69194491350024
Paytm 241,73.93021868093201,62.92575462443368,67.10606072423374,69.1992477894744,95.04596375422977,80.42118296236464,88.9762378926551,92.34436122144764
Vedantu 242,80.55957956639243,63.33386542051956,75.19650779052844,87.54031474461131,58.35718861692965,81.79834414454193,45.11003973779764,66.2164688675759
Razorpay 243,91.34612050964571,60.51234879724595,50.0808524646918,77.3335919586693,93.42777014927479,77.45033376857685,63.04181642911224,83.82418747603022
OpenAI 244,75.8617112928508,51.89419353363628,84.21242469665093,63.80989478848064,52.50469908735174,64.08083273961417,87.20864627513599,79.71209136542986
Postman 245,84.88346800911494,50.80432706300362,91.7678246525937,92.74669336053776,63.350589044065416,62.19933141938296,99.15609047720451,80.15750600614734
Stability AI 246,94.4945483498698,94.44750753812141,53.00438800544654,92.82201976291576,45.82202984711998,76.89507272162164,91.16154488350105,84.12662297688607
Ola 247,97.98082494630569,69.2497910181138,45.7428733312097,92.4348722769783,74.83332295230908,88.97430351252612,49.717381009950145,78.76795865645494
Asana 248,65.88293923716152,67.29469912218568,41.41831516278018,65.26823708940618,98.52867806223662,92.6030178015528,35.613321377492035,71.4531184651333
Oyo 249,97.06350500645978,80.58412772118814,78.51829002659596,74.4032917997825,72.2445167230365,54.765761198169095,59.151402992527096,63.79613471902734
OpenSea 250,79.68465172318153,59.82142495392789,76.42564216532685,97.35455521405763,55.04698588794842,56.9672875668974,79.33131614688338,88.4290665456601
Rippling 251,70.32977553195833,92.74825327776014,72.8018447628442,88.19653648132959,75.34722121933699,92.51313164523859,59.405525660263805,61.313621500159314
Scale AI 252,78.36543024953045,85.38552564869984,53.916825766958524,56.16819911269907,38.60444749257713,83.14408527506566,58.65446906509348,84.61771530772072
ClickUp 253,99.20130301141909,54.023495104051676,63.45435975433088,57.80379742420116,92.2061356185779,89.73472211733979,87.05843368654405,61.66664113246633
UpGrad 254,79.70472375971478,68.79113491032177,75.66858011117039,74.94904920293031,65.21587655458855,59.11846853609044,48.91230232537491,81.2665084977227
Groww 255,73.15006441150032,89.56032384029741,69.80601153155015,94.09646885204708,61.45448194277495,76.44136419992309,88.78357398493165,87.35391335645144
Oyo 256,85.33603417266903,92.51294100311347,99.26713121289325,78.16417731196671,71.01053519174634,81.55128174878631,52.54438407613789,60.93569444532696
Newton School 257,69.60582475112773,71.03306800624414,48.18638515340399,76.40593784547448,73.73487039525817,80.60503484511378,46.25864845426715,52.997165043065415
Zoom 258,63.03453312434656,77.60351251448185,81.70867324285562,59.535369098135114,35.02430643585591,68.36682608900142,56.31919289597592,56.548687149708705
Airtable 259,65.15518887642597,57.51652757414338,64.25912608625752,83.24154450314464,77.78320548563818,50.69277012610888,80.99575669398948,80.29984836355128
Perplexity 260,65.1218335583109,94.60258817616395,65.69197689553688,90.35043590580969,46.935217622087066,76.23167255619184,30.080162229119544,92.47232031128678
Groww 261,66.07610774049178,60.42522656225495,83.05586593949057,71.35806032282518,79.97668427546128,61.38956926308239,35.71353726976139,52.24984106177122
Freshworks 262,65.5530869059764,92.42292983608066,81.54616907946217,88.35130958978908,87.57743560689377,70.26144107643006,96.11558605304735,86.70756295208231
Cohere 263,85.63498979212858,79.23409920465659,99.4753596221313,96.47249611773489,86.27709552867643,93.09114567877178,34.03933019050859,67.0659322975026
Alchemy 264,67.27520337596579,77.34815576954867,47.703657367247516,63.76195774249063,68.67506771855224,67.95658929390956,65.41818543448437,73.92641849597612
Boat 265,73.82669133295452,73.0709829957429,46.246578963049984,77.50317414137388,66.41189246175259,87.7910722998992,66.34515733295503,96.44297749227829
Cohere 266,95.87153639624047,60.380141527299145,83.46032902772447,67.34693219763675,40.00131729375882,58.4843272587163,59.16995696401958,66.59857523679227
Perplexity 267,78.95846561051489,57.94376144024787,74.70321502038455,89.09274001845509,84.27423052821949,80.2607224111263,71.57961988614548,73.2668466969743
Miro 268,86.70230954084109,59.92187940815789,56.44963999358835,79.83651473288977,48.99865663127001,93.96531294975246,38.386138063809476,50.68412073803405
Byjus 269,66.8927948480652,58.38972179649146,44.765162139339196,82.28704395466306,64.76867959725627,54.585189539282155,64.21298142213985,54.079936000241915
Robinhood 270,67.69156075234683,85.0813013105039,45.13949497578583,89.31030886348344,49.89918650492617,50.37439740022364,49.77386041975177,62.9295795567392
Mixpanel 271,61.63474465065916,65.75563666250285,93.6514524798471,72.02673032448556,39.367985409978516,69.51122566846765,72.93338077033512,51.392612041053724
Hasura 272,66.75740252288658,52.60292044535284,51.512039483124575,94.34887294150286,74.06903878242156,54.168146737311524,31.297883469851957,81.56876630241254
BrowserStack 273,71.14361356127834,93.60961835633651,59.40229372693125,77.92024129158402,33.80324243760327,83.67729573543042,65.67019334715809,71.31991784008113
Tesla 274,67.08041937106987,89.77036482335416,53.59938413361928,61.79205738191996,82.405166388834,91.15468987318515,34.821628430665896,77.4072601364011
Stripe 275,63.548101350282224,91.74885274378458,61.29977834991624,84.9236620812585,52.231075668278166,69.53094377189414,42.29144504920291,58.732359294816476
Rippling 276,64.82543484402403,94.77085201908959,44.1654305647656,89.11023806884495,30.009428510313974,61.64202389699484,37.496784025886654,64.79660147183081
Slack 277,78.43115072130902,57.825286214876925,71.14358745449621,68.62075211390365,65.77903974660609,69.54814935529744,34.62702238950537,83.19122374263625
PhonePe 278,68.2533487362317,67.83089085061964,44.05675381553289,91.85870805094638,33.27963359693222,82.55515180325006,86.05687612485336,98.26513618151999
Chainalysis 279,74.57079444192301,84.12073140668411,88.0213904693417,93.96415995492796,49.33186904746296,50.40743727111669,42.856605412871225,52.52083868011046
CockroachDB 280,80.13669083419427,81.32092781242065,54.02272491462598,66.90689295724579,79.48835412190013,76.52542952681137,94.16990254915595,94.5192160427633
Hugging Face 281,87.61579314517462,56.92531578529348,72.40071487627063,97.29142332675454,34.38827351353061,77.59812581993205,97.59412202761527,78.84406006556043
Algolia 282,61.57248559364396,86.7124906245778,92.80474525368749,61.050595706096615,88.75369446492016,78.69597111031709,65.7008375949678,78.19597833778118
Calendly 283,91.9764159563617,60.099825732649734,79.05264214283164,63.68667374130707,30.267394586100817,60.89099359913948,31.440089813258112,75.01392676038802
Auth0 284,85.11601557963631,60.07179266701804,71.97746719308012,62.921668087235126,47.277670844133155,82.13237255201571,49.9638594703665,53.46970429520917
Trello 285,63.270361277954876,74.16384903020361,59.460025186922536,93.44155753033843,81.863283930645,54.112616884929935,83.81858106785712,54.493842586808036
Webflow 286,94.94314496427108,76.68229706787665,59.98011478349187,83.13457974997335,52.138910481051475,58.967165141006035,49.39125829576564,80.0456002829543
Scale AI 287,96.83489602127253,76.10387935270151,80.1692173118914,61.54048417855773,37.13246716462095,89.48615209945169,26.961377464223098,67.04792857177792
Alchemy 288,62.44311839419455,54.11690768289897,99.64836167327005,73.933906989839,55.216374316029956,83.24254178269548,64.54279287425504,95.86340332888403
Zerodha 289,71.07510592588815,89.48573881836711,79.71035139096271,81.45781507800149,48.927530046916786,50.61854993051054,87.60966811968278,70.32952686797361
Notion 290,92.24805119172245,61.952001916491774,73.46700504220149,58.58895565454348,88.98983315123884,61.17693171664101,83.67411097148019,57.164072935132054
Stripe 291,89.93038761534633,55.828171457726185,83.83903061435477,92.94390384151556,51.93435423096002,59.64829173469241,34.00985121042826,85.7359416751018
MongoDB 292,67.38084077425509,89.99366359410396,67.91233673702308,89.554952023986,85.2252730243205,62.186284761663764,73.82116915299733,64.6676710720505
Brex 293,68.37397293346841,93.00431742033891,43.60854055604711,76.72389126379545,92.43105013675142,61.14018966259489,37.64034107485177,76.27351536779466
Ola 294,74.81888411165528,88.79574277694527,73.73780895267458,96.58644445614433,60.36721937035706,52.81368330842806,37.45660276417378,84.8916392752585
Zoho 295,79.38091940764085,86.42822336261952,97.45751707032281,72.96372210882929,93.69602006980745,70.65232324685692,89.92574186441482,95.01320556010353
Segment 296,84.73019086121184,79.48588912875599,50.51817654145958,97.3167437185694,56.4122637774235,82.97300636537743,39.97351621921841,89.6095597400838
Linear 297,74.75654558279089,74.78858167741127,81.40029344923994,83.72055994855596,97.48548915430757,77.30292761228463,41.0597877214409,83.8180533936362
Trello 298,78.50138864532592,53.91440419601346,52.05602131954339,82.29086474991948,36.25026671679011,80.27922508691358,20.052271260903964,83.98165911975718
Cohere 299,89.89883752535026,68.38039458818145,72.14966106838487,62.13606049771875,78.091348655227,53.651713034130765,89.65352273004142,97.29623220160433
MongoDB 300,61.467328115623914,66.77098326555412,45.800586978803175,92.9228936070997,64.566982831985,92.81708195795542,83.40758505673078,64.7912048748268
Newton School 301,70.09747777376083,61.68892026921468,67.02225617549111,73.38205658058645,57.1354163818953,87.73213252293613,70.18631480725423,50.05560470980937
Airtable 302,88.5339834353821,82.55390511598632,85.36979973371476,61.97603644864661,74.28983151240206,86.22906433230483,80.02126111510738,63.59772796990993
Perplexity 303,95.80827350748797,72.31440807854469,60.85429145433892,55.54212335895764,79.26999641440318,87.03427122687954,32.16388539395935,60.8945689813372
Stability AI 304,80.46709768462665,53.64707971584416,79.89470346923308,79.06949439645045,30.305428875521635,91.97197286597427,56.66588756700604,83.0917292556999
Wise 305,81.28453941061262,59.90824408774151,87.72699764738375,77.67818375127509,41.68671621230391,74.4914284751164,48.09755098790247,81.68557998827646
Mixpanel 306,64.28688045359104,80.74664436468181,95.63066916876716,85.93220576187382,79.91322354440231,59.01269080404317,27.50212210056132,79.67306913523619
Stability AI 307,77.89649467293819,53.42588867706351,54.078524911327214,93.28109627976549,76.64697895047445,77.75526235336434,58.890438817193925,50.812172160472684
Vedantu 308,81.30469065820093,88.30431113219458,63.958954948558485,58.41448313965027,97.62332535900741,83.42966721505726,93.65917202741083,86.43890272253238
Unacademy 309,69.69882014538919,72.28159371562884,49.14496079982504,86.45434908463558,83.2726453175548,83.20628270093114,23.20472952405556,66.17652062427457
Freshworks 310,70.76972923797524,71.62639597969917,99.5490101295025,63.058713596196036,96.55408954119366,73.4652060875096,43.31687307950351,83.25279945033157
Postman 311,75.0913665241849,76.6583503096783,95.62005807545772,91.90161328575806,79.1778351074365,53.08064237001101,36.60327489645628,77.82892142510767
Anduril 312,60.802847911109055,87.11064346663171,72.39742781683358,90.21973109605122,50.863654604761024,66.70008222935576,39.051732293255704,67.13654627139536
Trello 313,72.88316662332713,65.65141435559869,90.52199766258528,78.2541314643784,37.375544557559955,91.43449738085107,92.67476415035003,56.72881335520539
Chainalysis 314,68.45792027986178,80.51072686515786,71.25747863632253,85.54044034080239,84.7276704341455,76.30020093908416,57.44552433874321,54.720944883024046
Trello 315,73.09989408711658,75.4579383798106,77.41514128016559,68.51705486690118,75.09044550331411,74.22493744650711,57.3039530351855,91.57591665561118
Replit 316,64.79048527277004,62.01627215762396,45.34746592696099,75.26021965411103,33.373020867530734,62.09840814719871,80.84605139642258,95.9198771040779
Zoom 317,95.6210912295958,89.53834938598212,85.31622522980848,90.33038660155029,55.20353261306848,66.58020139624605,32.35937632039406,82.48940233821497
Anthropic 318,83.74369814216195,85.88417097231176,47.66280901811409,74.7484034784482,96.97598708390004,90.29057401189262,58.981228328004065,55.17170574302417
Tesla 319,87.16409276577959,79.63033255962915,89.5640578151517,70.38532540899399,65.02808019971408,79.9908371387076,54.39881712968478,70.10136084441203
Nykaa 320,91.56684954429353,88.27617780924089,86.92168526022316,76.2511352317629,60.291039521379325,85.43241620385498,67.75285524373248,86.44696000525786
Wise 321,79.9376879571623,89.0282390431911,82.52468186457858,90.61471785480039,62.03897236115058,70.44554403804449,99.96461626003509,88.99104420050341
Intercom 322,63.47681152349695,81.87633395217657,42.169622831485725,69.41394603694752,44.62179068036146,78.36112487552711,81.55591152656376,55.91093111455443
Newton School 323,81.48426167274191,87.66559977636524,58.187701356719714,62.47174850483698,55.80950196053567,61.17726239344434,51.82925624139418,50.00153594226912
Swiggy 324,83.47364472083517,81.38621577511776,55.78675419465057,85.61660287422357,55.88692791910236,81.74573736275688,86.20424418192376,85.60685229403025
Clerk 325,89.81757896737321,80.60633472921351,61.60818444829114,90.51706314644753,33.66485141312307,69.24206001665019,33.65666906499841,67.82980879931029
Monday 326,77.26638184918718,77.83751201968329,45.25856480583031,59.327411576511935,83.72973399625428,69.91454816666355,22.43709490471681,62.72406658091301
Mixpanel 327,65.10321211182256,83.87224878009386,96.21746938186376,65.31458684850563,59.15531023327153,79.21950460595967,36.35586979714184,50.644873489476275
Lenskart 328,71.35103623194898,57.13722973818832,73.22813444274257,61.10479555972274,87.55259207714963,92.1326279661017,47.23292448914077,77.01497033807499
Mixpanel 329,74.5232918559454,89.63918416395178,58.33145863948141,69.96148069803317,89.52436007839268,52.88028559738794,60.84646059676479,92.55753677129908
Deel 330,85.83668965326405,89.23295874853544,63.818891024457,74.36509209293274,44.839583828906065,87.11344568061534,69.21033124329598,97.8815823136294
Midjourney 331,82.83113218675648,51.31612773655516,66.83215243029014,87.19953248942218,76.01474375190901,63.157239968548694,92.84845737715374,78.28724753066446
MongoDB 332,74.24386903591385,87.16175377541433,76.03566000163704,82.99934614991199,63.05972629140872,69.97637545278701,60.78832076403661,75.7230663869947
Perplexity 333,99.46060995171919,55.79914403630504,70.94076566178987,81.69992840157254,91.61097165450396,50.9860997948754,60.10205157005835,54.252819274462055
Framer 334,84.23099277427548,65.08034844166139,95.16351839286504,70.15212270421515,45.10184754235179,63.54707350254409,24.01944078583857,77.44364007712998
Webflow 335,69.48907166943978,83.45787153312236,69.81780897434982,91.18224478264469,77.4469240217031,72.61840591835588,22.792924212497905,68.99895394826973
Boat 336,64.07129890481615,57.23419532217387,99.52948088939877,75.26534819812107,72.54264855769058,52.527923480634755,64.09279695330977,80.35676404417885
OpenAI 337,66.11436556737328,86.80851608535781,91.08549746470575,97.10151233465164,50.671103430028296,72.09930782224242,55.05428905986756,69.43631739382734
Mixpanel 338,69.83830913538033,87.44603800809838,52.51063086144015,82.26811194671669,39.56206325558208,91.71997829862923,87.13443159842389,62.01495617251834
MongoDB 339,66.42725493038223,72.83604801923764,95.83571287863498,60.429383887273616,75.61478323340936,54.742694814851234,32.854366776947614,54.748263761418826
Eruditus 340,67.46268096205223,50.28736422725751,46.98198387312856,84.07563516924367,81.70182206926314,84.3998327633977,21.997732969363966,65.74592222944479
Groww 341,71.40380674775389,62.916715992871076,89.04698250947149,68.97947266356306,52.0939140634345,68.43519740191967,55.92310143441007,54.832241714387614
OpenSea 342,66.93494381179019,77.7617113269084,62.837397608594806,84.5120694575022,75.13828228156197,79.4828171535952,38.9982845401806,58.8448475411992
Runway 343,95.87061698505701,94.15337801123405,92.67845922670418,57.99456937098345,57.65916353280523,61.710646909335324,23.969149867106996,99.3668079289773
Railway 344,63.20934982646569,78.43160871575007,92.08340140644702,62.51990179856625,79.92448182978325,57.177151814361125,77.96786294781032,72.20517784533092
Postman 345,80.98045558281018,61.69116114788719,88.35552400705727,91.79670213294881,43.94506924258371,57.22081764220519,28.9274399965798,76.59358832525083
Coinbase 346,76.41587307958646,78.5302566394825,87.40182617842368,64.76872095201114,92.3150501845322,53.17213755394151,68.66556000062174,93.68092643686077
Wise 347,99.29514467634425,74.29934208721349,58.280748345882444,90.99276838544642,50.118671752590586,58.35410172055594,42.48398001335113,99.77844502453439
Framer 348,64.4815560867221,85.09304278180147,44.85515698307513,67.00887180353965,55.7450191429307,79.88987232450357,33.87968402840176,79.13572246723407
Netlify 349,75.91422396182966,54.814128747213125,64.17881072590968,82.64392213252444,34.066436645624485,89.67607753295786,50.380121833545395,90.62369105220859
Netlify 350,98.77881733101475,84.24625561259126,50.41147089919052,84.84847466092273,37.80585486248935,86.63565585160228,84.11566209783629,66.34705121683376
Asana 351,94.62028503575921,74.35699604042496,81.69706533414771,77.04415438523728,66.11033318986297,80.83104394435179,51.367486152365814,65.28719787236456
Midjourney 352,92.68288283797119,93.33464017365476,60.76598359226713,68.12835909795945,48.73148737095801,54.96943385349962,80.06157193688446,70.135186049728
Railway 353,70.3161130817976,65.38424747174088,98.53661205159489,64.14370818395713,88.4836158019536,63.013435083317745,30.038903743932053,83.62536313368246
ClickUp 354,66.83550349560264,78.46798519102767,78.45832464071992,56.427142246184324,31.028537205846767,63.941309389511105,81.82171357320632,84.10958446275494
Supabase 355,86.74572879697723,91.94126474795078,89.34883381806165,68.06969525335113,56.536583407035536,61.24806258789295,38.95466599253189,65.76197173247255
Flipkart 356,97.17503956510343,54.61293775958057,47.95148036451091,83.08599999284517,53.61418827383649,73.17525468693754,74.19145039110983,56.66049620683143
ClickUp 357,82.2705157205572,92.17528192564029,91.72086893635736,95.34710719328476,31.35293416423207,74.09992166958527,65.26252438727971,81.61981282327542
Ola 358,82.864507578796,80.9548575035366,95.36543143080365,92.46179273731124,38.70578793003571,66.05986888269996,94.33157737693499,56.41629310943823
Swiggy 359,71.19916374641137,53.052667659732734,69.22371512913615,87.94078539101801,58.95498724430447,65.92051214313962,50.98580143802512,78.92462541146651
MongoDB 360,90.77971732767747,63.54336051260673,76.37517626505866,88.90323575989184,64.50052091132127,87.28500190577367,25.293215106755234,84.67110640281544
Cohere 361,67.48174994230094,81.86774398903768,85.88858805417973,83.5943508494678,58.30028230784084,85.51817817438585,21.532438844100234,85.03057481972257
Figma 362,72.94716945616975,53.03077706609473,50.49031763562475,66.19233487533813,67.16563748884657,63.850812425633556,86.14868487782024,87.67360553297983
Intercom 363,77.01745754465668,76.1976707079323,70.15396458780654,94.00938632035069,71.6592172433977,91.12047997429667,61.978851012914575,93.64297107828322
Flipkart 364,80.3044151473782,65.56473756288305,63.919781666338785,83.84148941195086,30.694667478948496,92.87667576511276,82.01952414679594,74.99794959823942
Redis 365,69.69638929660321,77.94119829953647,48.782439529734944,79.09894713215891,62.486661161745275,64.70341439135184,38.75404800092117,86.51245947647857
OpenAI 366,64.59347298956814,52.05839152156308,62.05206533749188,59.772547176179685,97.44494686213118,65.94912269568746,47.6066996410587,80.95863676829184
Snyk 367,84.4248016976653,89.21915627685694,44.09033856312961,74.2233883836763,66.33225960906842,72.75353690398815,22.408309776905515,59.33199698988413
Slack 368,71.54522212961024,93.80700361298287,41.54871441696922,74.79540566168284,77.42795872212673,92.35043656401531,96.91938596592897,51.28448224347041
Railway 369,83.24952885690449,93.59950348785611,48.109977349289366,92.17623520947481,51.83047005418182,89.43437449140401,73.42943253606506,64.22706928384669
Zoom 370,66.17450861096809,83.73433242843161,97.78690669535044,78.5058734680749,84.17939647069338,54.61555831626154,94.6564070207445,72.15168531688097
Databricks 371,79.2456040741927,55.85388080587844,72.97177215370101,71.35722360572761,84.10450373132807,67.67288344721374,41.23971259432579,80.8552972214328
Zapier 372,81.30357730206343,84.121843816806,97.94932966919319,97.00241412595835,66.49072333578972,74.90170353873972,68.91708889805287,92.49796652516027
Trello 373,62.07294147289708,51.10641124064607,65.94987269980791,59.76098551303157,98.32096762954495,72.64096126481931,74.27999746341102,59.81228583530828
Zoho 374,73.46417112775683,50.99555981880488,58.70896798511558,73.16958241741362,38.788515033385735,58.72383805716017,45.403976020607075,56.277489494923856
Stability AI 375,65.37658707755897,64.56245986172935,70.36851177041464,56.80706103237043,31.18633654227067,88.64675470256697,87.8487388012504,98.17399737371638
Zoom 376,62.53499881891071,71.98894356820996,66.3707013179746,86.81587719297801,83.91107482299671,80.46233523485768,95.77291703201982,55.402227968820355
Databricks 377,99.5984092955978,84.66833380135068,46.33988105570464,94.47729174456347,86.50088761554179,87.70587686833116,90.78840941568035,73.92455350535946
Plaid 378,72.89415379898892,80.74829194729273,78.44957888141238,67.04160517067105,38.41450603844034,88.64439257072624,79.1253580751498,79.27818643966509
Loom 379,92.3949778341854,70.06562178695367,52.96229095057598,91.9086921023622,48.590798307102425,83.67601341495829,42.19717437799632,77.06872104537192
Trello 380,70.18562619055055,62.313199982674966,77.17527729386978,67.56538390986161,31.228665435664023,69.76447705623728,42.529283368450535,54.30160785164716
Zerodha 381,87.26010888895718,94.870602507097,79.01206554388921,94.16311695068836,50.53160275463953,77.47460397569411,97.06882563568303,52.85134570018097
ClickUp 382,90.40911439558747,69.17815860061879,49.12149118771889,87.4203618546617,84.119931174307,57.21644327538844,20.822759674855362,55.274171373051786
Meesho 383,83.82554962431377,70.3124160948354,43.680977626640086,89.61099140418186,66.25723693988053,80.31404378637085,77.28399785937157,79.27938419363062
Palantir 384,78.86304754200634,57.36307195362511,86.84569516410639,55.774281890819545,54.36669152178017,58.06639650826763,76.49969300442098,77.21724438171606
Segment 385,76.47363656589074,85.76642969374683,67.5880254261592,96.40084535418312,56.02175064344312,81.22773157295705,69.81516327598379,61.68703960183721
Magic Eden 386,73.95473066171981,81.21570016016699,43.48982773032855,86.2468526590239,30.09475380008277,60.33191723392859,99.20870768694927,81.88870709227957
Mixpanel 387,97.18116576991304,59.93463257549422,99.69197903018602,68.10429710160373,50.98603692956651,55.2898085067599,44.95035486109802,91.00337510278247
Boat 388,93.22477631150917,53.70714705271292,43.466833659782,90.66397058893043,75.25211191465513,57.437802056433085,47.197749103459856,52.07894799232969
Anthropic 389,98.60107642666051,80.62246859336209,81.7021137315132,67.10541153184198,98.193611067145,50.08964608485816,26.315152235724444,74.90649717740212
Replit 390,64.97188893942179,79.45300464265108,99.02073551580482,92.52841510134351,89.29425788887296,82.34328280340887,55.423850923498996,84.46552060513451
Loom 391,89.23469900814577,62.29667871491942,54.350806252955536,59.84095678771329,31.651647525187038,82.95804720762706,40.88388209878785,62.61559635348436
Wise 392,97.53361827284152,92.78886030126847,48.53496212123177,85.25849703081423,92.89924232723875,73.17200074609667,47.47093617421154,65.38854526465745
CRED 393,67.24932264662641,56.79760513014051,47.283096365345735,78.25003449573114,84.82388893090382,57.26132604749227,86.76574322045022,80.6818951494692
Boat 394,62.6598506946711,69.45506604691708,58.196508854055736,59.15098221840395,84.62632864996863,53.75994518798104,94.83876108219965,94.89676467218685
Databricks 395,89.64482597160236,92.46271640754195,46.0627486606388,65.40143461513007,62.05970313025,50.86080348967791,34.85864576041485,90.49622101514497
Stability AI 396,82.97892452719648,68.8877292616755,81.52968050164792,55.533373559924534,57.8603705068152,57.458667963434934,49.80071452427727,79.15651095497918
Segment 397,93.67315107033087,78.73366764488385,43.73750788780376,75.15702251497375,51.204101018323485,90.08849907424161,94.29044496923153,86.51108588786246
Snowflake 398,65.59089506505158,67.89174790832574,70.56532768898738,67.95440621268001,34.598640126805606,60.86915787657568,24.94467685513781,68.24112351038994
OpenSea 399,91.81069247439561,62.339684105690154,99.8018112311786,80.72937182480362,45.976475444558936,65.9422097247747,27.38884224891028,82.0482764049379
Hugging Face 400,68.06509280190978,94.27899415819226,88.83821617036114,67.78122573147054,47.262254448461725,54.740546801659995,33.023279136498346,73.30907955637785
Nykaa 401,66.54623771462818,68.42003028417693,76.91316629386066,67.89652179480034,63.88539487971411,60.00625871366766,67.61702673014997,59.49680682287804
Netlify 402,66.57063191723972,90.23446416556105,58.3752172471967,86.95730754545895,82.32110846176857,73.36510568510923,32.037781680479796,85.08691369386287
Notion 403,92.58298880925528,60.34795726509888,77.43375017749831,57.070141947069196,63.166687987856264,77.34887073930437,97.44611051605868,77.82323186744111
Alchemy 404,86.607888827848,59.58971168112875,71.6224878346991,93.82448479325545,34.049111461301244,61.0408541374795,55.73716218068163,67.93107909767957
OpenAI 405,80.92261699076477,51.40103372980301,65.56500303342229,91.6473465988208,97.04528606917427,52.59794716513027,60.12143682801331,95.56695950393154
Mixpanel 406,74.3532193649401,79.32500714191482,47.84262260441197,83.71560137873549,95.99070233658786,67.59647911073294,39.73268926443252,51.046705891336664
Linear 407,95.08802163252433,66.58368546756925,93.196252914428,80.50852751461753,84.9632680203886,60.539151691685035,57.67682019477868,65.7886575624748
Okta 408,75.69780429690542,88.89612124278366,66.98707892927935,93.36900742000505,99.39295310949544,59.879926545341085,72.95309061096091,52.84406988888233
MongoDB 409,92.66397757886308,71.29444580112008,51.6773507092459,62.96919771973472,68.1137632960184,93.19382612210549,80.09417095632342,88.32636581108136
BrowserStack 410,77.56539634280874,93.56870425616248,62.06556105263738,58.39567397420563,97.39378451772443,77.73352186665758,80.30944661679304,85.10537270568963
Zoom 411,75.0777771769963,58.34864820664045,64.84778515173562,65.29893730611013,35.29235284317255,75.05952994274432,66.23128901552707,66.56761093681585
Auth0 412,78.50719142678426,89.08804255800248,89.65227373401245,89.16686598410818,55.59765237829599,68.70987965854948,92.34878199950857,83.78314511035364
Vercel 413,72.05511496656568,84.94685837562838,84.01686283368412,56.49082146923878,45.776688760473604,69.30249500435649,85.39262778448875,69.79686130979749
Trello 414,89.90437520705004,84.69148300898235,86.15829361848039,80.06069390859005,43.708315889398904,74.34072517271363,80.56384917589003,87.81268957112172
CockroachDB 415,80.10881560369917,88.01524526525995,40.661875865718834,97.80381319622633,39.856206422487325,81.33934131662483,24.448441734436848,72.7091831368353
Replit 416,69.2885078058727,84.24607959243495,64.96923989078569,91.7949320350142,73.56895490961976,81.59657432818233,20.550236977571945,70.61398639158328
Stability AI 417,95.98298293098273,78.17991447341369,68.88064909811942,77.42216462887434,84.69252990231135,57.72622584674523,36.995782175637835,96.73649577441505
Ramp 418,75.35564885492846,55.90601949570744,41.1515366093834,57.73655909932562,70.48088795942525,72.50507384344822,73.08188751307618,62.543954994535014
Zerodha 419,81.74211444455955,51.46367807710634,55.58879252470206,90.74906111858553,40.28738967117468,68.53811427653459,52.89579911060366,56.02236699982827
Webflow 420,96.25888443858187,91.4381531517059,85.6173893873281,80.75607585162005,86.77866389534296,89.17371348212228,52.19250074394494,79.2271556629729
PhonePe 421,84.96951983655968,77.74926415343322,48.22658234373994,59.94211887356138,74.51682950146099,78.41385145482694,90.7669510583691,98.46609061420895
Freshworks 422,64.67592162833456,85.84417809392794,72.11860788715549,59.035863247404315,57.171599428889685,73.96268298871918,91.6450278505471,68.89196068635934
CrowdStrike 423,97.59328494453901,71.66850581806474,52.91211232103425,94.11395323577347,77.18912068752441,55.19275889805128,92.73402112428685,53.10183818143908
Perplexity 424,85.10832212285672,55.27886850330775,40.727246478633596,83.77561130633737,48.193348546998294,77.25370501955351,45.11024612120218,66.96526336547836
Udaan 425,73.39622458628344,55.63336064911477,54.472087455972485,90.65933237062049,54.16345459459474,55.2741757556105,75.28446501914094,75.29658271597792
Framer 426,65.57088290653549,80.85043792530371,98.55242529460322,92.7960927121375,94.22400901923932,65.17429590045884,41.73065450194957,58.09615033161069
Scale AI 427,91.76100757081184,69.36376527047582,88.09222671297937,79.58621113807786,50.33531539699943,56.42788841664493,35.24878664595598,82.9051109028246
Deel 428,84.80291023714054,59.02361270151515,97.574598659262,77.25019312546678,62.89917877105556,81.1433141160966,34.77059658778954,99.88746945051003
Eruditus 429,81.33844367905286,72.12175460336466,69.27124263558174,73.50837864380259,92.30987961772102,59.28134512262687,47.36860966908752,72.58697379907218
Magic Eden 430,95.7557033220383,52.88940216838103,46.584171920650206,68.62870327501813,79.54049451872692,67.63367179346116,54.396609582385736,67.73642783651063
Remote 431,91.54388844898122,76.18871308614794,72.87756933842158,73.68762631692461,34.35422583152919,90.30536499284504,86.47593368440548,70.03520834172333
Slack 432,66.06699518931005,62.1047031995794,67.26264007359765,88.27682519639671,40.311213099527926,59.19423725295366,29.59128747781697,55.75730891976006
Asana 433,72.46888271182193,85.89015952867346,90.66142496437695,80.88270753365066,30.54891135403418,72.85122787814507,78.79406779159154,94.16368007131119
Nykaa 434,69.93956559257863,63.96628815156082,45.88495484705467,93.37850146805837,74.16452531604143,68.86722475247099,62.516393135144426,70.7412827760676
Segment 435,89.75785170290708,70.48490670868105,69.29446822130669,74.06534061830507,61.33713977872928,50.815581847057835,43.0356274140794,69.36372057124207
Magic Eden 436,61.341297389431176,50.52292429586453,49.00291988163906,81.10485188490642,39.399239563159284,85.67411511077657,59.42556676262597,82.98451364652371
Meesho 437,82.79558739485266,53.26010995075515,59.480555613403595,82.14622478295551,97.05538847397393,53.10706578415699,43.99536558216181,72.10167104655618
OpenSea 438,90.49834742962761,67.66221003830081,84.24142464326798,80.442977979172,67.07618067619339,71.3414759439629,67.68655641906449,82.41167344039229
Coinbase 439,95.07062547046998,71.59724756227055,68.561087762126,85.2132522426772,46.93253058790224,75.23052327225275,54.707513828419536,53.07231450653938
Replit 440,73.6832699486363,77.00092466536867,62.553297108746165,65.20963914011666,65.04224998082952,78.27919054765641,33.1524423263103,90.68616718611136
CRED 441,92.85029218688052,63.12481604191865,63.66857671420212,77.031642434469,77.57342329145754,80.9884233188544,29.326645964455736,97.02519764397013
Meesho 442,64.42526947820829,81.27418487569442,67.5668061043592,59.48166652075895,35.33674525814951,61.39725725852218,63.73565456577041,82.4382693079693
Zomato 443,93.85809166938073,88.70550787351421,87.10099263022342,71.53398708872695,49.22926705335244,50.44904494963022,92.19304266288827,97.72829644294055
Runway 444,65.09954649327929,85.09329450020074,93.52508133641406,75.96968395071437,86.48758436187956,82.55496480597104,47.51661492461484,57.571615718498165
CRED 445,75.89149162241469,51.78284714067607,97.3200811902357,83.04564316045531,62.176540928186284,74.10454697064104,78.64000857780985,73.87080947401768
CRED 446,91.89181463118214,71.6228126266023,87.2142031753177,95.87283526120675,68.26039994226065,87.6252966443262,72.69290839518135,80.09033669727236
OpenSea 447,65.99669709395096,54.72185802881787,58.924413744880766,80.8279958615793,60.29712015466285,86.96247633053125,94.52439314475848,79.08683237105933
Redis 448,69.17005580930567,60.89202571381374,81.28808236519254,86.97453839559208,33.07299598501036,87.94967755045474,85.67848138393127,70.07308895445216
Robinhood 449,88.89010273572265,94.39981669702159,66.25618744332351,76.76944055829372,41.60248458741091,71.8292596990793,65.32842071243704,66.90422046831307
Auth0 450,88.80146146184298,56.4122994305681,55.28023732276307,82.26647334918225,61.187914711932365,65.01327781265896,72.56243985872858,56.34120112752094
Oyo 451,85.6459053154119,72.44996690531102,90.45229476555537,58.05008529375226,44.64298257855495,85.62011911661165,91.87091732672279,69.58712252811391
Remote 452,87.75793777868401,77.81700804431536,42.3055809377395,65.93883797619942,33.49853200617751,70.30823508631647,51.96150276695478,58.13304075527426
Wise 453,81.70897773390385,81.61092367448468,94.1057195281254,70.55968300782096,89.05547648362767,58.25489883815455,46.143576468622186,86.71828382461092
Zerodha 454,70.0719623562781,75.18419075691114,67.68864787748404,75.31721426528009,98.6834770414881,88.47383088026635,20.86488669081571,60.4415467747295
ClickUp 455,73.82783974015678,50.439688133863264,78.23208860849682,56.9628960566025,85.52000117977175,89.71519445475562,86.12408593531714,52.928265264226695
Framer 456,67.26390867205703,64.69075887097964,79.56123533234697,61.02103619479266,89.76494451932669,70.98393902630765,84.07845603226919,77.61830689086172
Plaid 457,96.33802245334513,73.29702395231202,93.70706444239218,66.90301523502615,46.938399122193175,53.406487728940434,28.35636144801211,79.76148663597007
Zerodha 458,83.33567179064482,53.9539924615175,78.20018093003245,96.77590570874517,97.24388828592399,67.4521740462619,66.14859049061602,93.59565306402527
Canva 459,76.0340566705456,65.77821190441313,76.8360150856037,69.24792130543118,43.78479931173999,86.15919467581716,57.11853585335099,78.8490806208841
Lenskart 460,78.48023214576531,51.4941398956115,43.999122433641396,75.72776549881955,96.60008672532825,90.5798312845803,29.496727640728917,67.2740426861723
Zapier 461,97.89133358447262,53.536032371975935,71.10448131671225,63.432201647750894,99.63735057761657,59.15627341239181,98.44545816485788,90.15059407631603
Miro 462,66.13405612464321,67.86154742907182,49.010140049022496,81.26354305625804,79.8205964022234,53.01381254113722,37.17567099706844,77.01394465937105
Calendly 463,83.44919328067189,55.972208931937715,84.24602612328914,67.06937826718689,98.68006122542754,89.48077039097774,25.37873440724489,53.96401423155959
Snowflake 464,80.23554715537864,75.53933817177011,70.73331524876048,63.90068087285235,69.86778456969725,67.52322225404939,67.58779036015277,78.29252801566233
Trello 465,84.45816941738592,81.02592361117695,80.8136667525012,77.2126230231771,48.16792482232633,74.37924339204035,79.10933417064261,95.40092727108312
Paytm 466,60.72440735283362,86.02640145990873,42.50037403614306,55.2367493638981,60.589711996593465,93.56296154228414,22.595475683774957,69.81563127491103
Hasura 467,94.88495635776606,59.006760991016456,45.087520962748194,55.32955340391669,71.54926547651502,52.99541275614003,72.69741109816178,64.81629009499001
Robinhood 468,97.28473129934449,57.53671620165814,82.97940328376094,64.41995879137988,35.11570934189105,79.1743103353443,62.58335007611635,57.173472850901
Scale AI 469,82.60532734356836,54.70555281504801,44.325060159920405,56.57901858753531,73.56402852320723,53.33474401586902,28.261200710003873,57.572276096767865
Ramp 470,87.8660329550757,78.63936122946365,44.27540366591552,59.64510742761973,98.68244857336062,66.89610178099252,33.80191015570897,71.63857421709095
Railway 471,96.89997524709183,81.79140769191055,40.72650851409325,69.57100792156632,43.307535484860935,86.1716545337051,65.43794378528645,79.78399120807647
Cohere 472,88.28954537253594,51.42137651715389,97.39008389796881,89.51118422193196,85.48165814018682,69.50625047400355,43.708609081063074,54.03077025848009
OpenAI 473,66.10156171657046,92.12955108096604,84.25050156754043,79.59809166487993,93.55291556457335,94.87320592563276,95.06525829210528,96.97842945125828
Meesho 474,83.05153440667253,52.33870776431626,61.19508451012385,77.0447122161259,96.05911149741546,75.15766782259709,85.49921835872406,87.75668087225979
Cohere 475,84.26860185531424,74.35833508854817,57.792134877259315,67.62001939794924,97.2094923083813,64.4522968686179,98.68537652109305,79.33119591418313
Slack 476,76.96522685209544,81.90772337529124,60.982193784750976,95.06540993561111,66.50217471050303,59.90500966571389,40.77366711603312,91.42193354694953
CRED 477,89.45776942498891,89.19361056857386,86.47921187087091,72.07164677319923,98.41155355940526,65.77342404287728,97.57789062383816,54.00933784060567
Paytm 478,97.37468059076059,82.13391194595926,79.68223666422486,58.744988972218174,83.01171449941072,66.7639973191798,54.498709583324626,73.84194388665622
Alchemy 479,97.02274051627106,86.07776373814063,51.11173407204808,81.53386019306545,41.31700053658733,53.09211549757824,47.801503625100366,81.50465634308317
Alchemy 480,78.03357485616529,65.27525866442627,50.44656012004506,59.89505091949386,63.3830074527579,66.63083897420479,24.02796215754826,91.43264530591446
Zomato 481,64.52952183363021,86.66713011859305,45.90373898280384,69.84459514047276,80.28318227604028,70.89073338826512,24.221220628768208,89.17347800246338
Hugging Face 482,99.39364795849337,53.60516808731038,79.61816318208028,76.81871336486579,47.31382210733584,82.52319885074621,75.36090047573238,63.85346248566998
Linear 483,93.55592345783737,90.26674952272374,85.86235973330416,92.59156856146257,74.84306284842211,79.55282681247236,56.63431955472223,97.0440084779602
Brex 484,64.98650724813068,74.64165692691813,55.90278569950024,76.2225029546251,76.66203353326335,81.89445448531194,38.121730082888455,56.21729207154352
Stripe 485,96.83367530469489,86.77839964831222,41.256697661854766,85.19712693936157,41.38898206659961,50.37636568445857,69.11762450601861,93.75668093105762
CRED 486,94.79585448248514,70.3543228033235,44.93030004858564,97.69112407696002,69.55597187169295,59.79503298112412,40.228649460008896,98.54701248023093
Stripe 487,80.75352228504289,78.96099628384363,98.07160209070183,60.65403215561321,84.01388376850254,79.77579297799355,66.2105403475538,58.85767616113128
Amplitude 488,83.65101742979718,73.6881197421251,57.72668664864521,66.81345559733934,64.92269651751593,71.77952156808863,48.73669975861523,86.10330321018927
Miro 489,75.96010815480521,82.92152847898993,86.15338887028801,71.9667712506988,30.84721817432752,50.23910640507557,85.88417812894552,52.01427593889992
MongoDB 490,62.19046555288125,53.67334919137653,77.47981413125584,73.13861167716975,30.63269283555045,86.202258909432,85.65569286134235,70.27114125695775
Chainalysis 491,73.40788966583604,52.71584377957537,62.91637837917375,72.67390623641847,54.99205407790085,84.77643079806518,58.188031849792104,75.8141649598837
Stripe 492,92.11413794392045,61.119645530456594,52.341235731733306,94.02727310993185,94.83358479022473,74.67886233471032,48.06552874680125,79.0322612954817
Scale AI 493,60.18528092018411,57.179510605093476,47.283185089564384,85.70340371207483,46.007374572252616,52.990849659932245,49.00478372472756,96.79686241242797
Swiggy 494,73.33996686764577,89.23026049664907,76.900778082332,81.13992420590026,74.40545822101811,84.49317722896632,84.45716205345744,83.61253436470973
Flipkart 495,75.92674774363773,59.86462943111199,86.47802683826728,68.30302686809964,45.54531094853244,76.26711144791138,46.25435862380896,74.06389756096185
Meesho 496,81.49582411751692,93.91393651186091,78.63425521246785,90.42298652151567,52.5168992761684,85.18819897210815,36.72474989654768,90.48375181329448
Ola 497,96.79422465651042,65.16031062969981,71.81812799494949,96.06760199385452,89.36294627210387,83.82861465781282,26.775067350024546,97.52664104772045
Runway 498,73.85383977463844,58.19530620599147,42.517073405898174,90.31152614965974,81.02030095889629,86.13509323810267,57.33544967075267,51.10330743411454
Zoom 499,73.8781280758491,85.53643282141155,98.10932665566303,55.06729952323334,36.67794941192474,73.31036298820811,58.570567913587354,99.12606361280194
Boat 500,89.50004992438994,79.64184989753943,87.92285149927447,82.36525891788651,60.00914146905035,56.31460331870817,87.27269683223257,54.306606953184016
