"company_name","content_quality","technical_seo","brand_mentions","ai_readability","backlinks","semantic_depth","faq_presence","authority_score","LLM_score","rank","tier"
"Snyk 184",97.3091393341605,92.4826702858976,97.3314217572961,93.9768104938097,61.3823338758596,63.8049469784964,98.0274506783256,84.858184606899,88.39,1,"High"
"Trello 143",98.7951530683056,92.1573382696141,84.3069525550796,90.7629728780583,97.482019301586,57.3365901619216,82.328206911663,77.2099331251851,87.84,2,"High"
"Linear 483",93.5559234578374,90.2667495227237,85.8623597333042,92.5915685614626,74.8430628484221,79.5528268124724,56.6343195547222,97.0440084779602,86.77,3,"High"
"Plaid 99",95.508167310332,74.373539659739,97.1087071253944,75.6818342651033,96.9143180268724,94.3186281243114,69.9691238491625,82.9752990825664,86.73,4,"High"
"Cohere 263",85.6349897921286,79.2340992046566,99.4753596221313,96.4724961177349,86.2770955286764,93.0911456787718,34.0393301905086,67.0659322975026,86.22,5,"High"
"Webflow 420",96.2588844385819,91.4381531517059,85.6173893873281,80.75607585162,86.778663895343,89.1737134821223,52.1925007439449,79.2271556629729,86.13,6,"High"
"Notion 225",82.4375188614155,85.945245609815,93.0523878009045,95.6650203210121,96.338161817513,62.9357749203763,60.4407008311891,77.8095346315006,85.31,7,"High"
"Zapier 372",81.3035773020634,84.121843816806,97.9493296691932,97.0024141259584,66.4907233357897,74.9017035387397,68.9170888980529,92.4979665251603,85.18,8,"High"
"CRED 446",91.8918146311821,71.6228126266023,87.2142031753177,95.8728352612068,68.2603999422606,87.6252966443262,72.6929083951813,80.0903366972724,84.61,9,"Medium"
"Zoom 78",75.5680671493665,86.7849602782298,90.6502269381518,96.1971596451334,55.5215609738278,93.788517333755,88.6418616805783,75.704772127563,84.12,10,"Medium"
"Databricks 377",99.5984092955978,84.6683338013507,46.3398810557046,94.4772917445635,86.5008876155418,87.7058768683312,90.7884094156804,73.9245535053595,84.12,11,"Medium"
"OpenAI 473",66.1015617165705,92.129551080966,84.2505015675404,79.5980916648799,93.5529155645734,94.8732059256328,95.0652582921053,96.9784294512583,84.04,12,"Medium"
"CrowdStrike 178",96.4370873797537,81.1524454033034,74.8103421536399,74.3388132253732,89.7773376868795,90.7739177216567,97.8706095331857,68.0537363170519,83.9,13,"Medium"
"Mixpanel 25",66.5173770832572,90.4124430248321,83.5154596249082,91.400116563682,91.1589015426441,91.3207589003947,60.5647717390975,96.9241079107077,83.8,14,"Medium"
"Zoho 295",79.3809194076408,86.4282233626195,97.4575170703228,72.9637221088293,93.6960200698074,70.6523232468569,89.9257418644148,95.0132055601035,83.73,15,"Medium"
"Stripe 147",99.718591844772,61.8018819934921,80.0556031338151,95.4492075399596,90.897841175338,51.1337036281653,84.22487478596,95.2121645703783,83.49,16,"Medium"
"Linear 201",94.5888950502021,87.3011963367805,72.3496766005153,83.1295078633852,99.8474598977385,78.4526969136938,55.1792389206327,68.0237252570777,83.48,17,"Medium"
"Robinhood 216",84.7251296183158,89.8689986706284,97.7756125142548,91.9860068140257,36.2023299778775,83.2048243175573,89.1727137486512,70.5595237934746,83.42,18,"Medium"
"Newton School 36",97.658592351061,68.0343377393897,83.9867813449169,97.3407987995538,70.4039920714186,69.6476385395945,95.1254783560233,55.2937159106565,83.33,19,"Medium"
"Slack 189",92.4221332312733,75.5575353748683,93.8818329369992,93.6928338645527,63.3790427822472,68.2037323508241,50.8478074010667,94.7844972133308,83.08,20,"Medium"
"Intercom 67",97.2302930241426,59.224293293712,89.7330019529566,86.522065729276,54.21142225165,89.4147387582676,99.6926138799023,91.2235758802275,83,21,"Medium"
"Zerodha 381",87.2601088889572,94.870602507097,79.0120655438892,94.1631169506884,50.5316027546395,77.4746039756941,97.068825635683,52.851345700181,82.66,22,"Medium"
"CRED 477",89.4577694249889,89.1936105685739,86.4792118708709,72.0716467731992,98.4115535594053,65.7734240428773,97.5778906238382,54.0093378406057,82.65,23,"Medium"
"Ola 497",96.7942246565104,65.1603106296998,71.8181279949495,96.0676019938545,89.3629462721039,83.8286146578128,26.7750673500245,97.5266410477204,82.65,24,"Medium"
"Chainalysis 53",87.869486614566,80.2351734619428,63.4648921991056,92.5528853820147,90.0293636362899,88.4763590728971,54.5876981122678,86.5743179851558,82.55,25,"Medium"
"Wise 321",79.9376879571623,89.0282390431911,82.5246818645786,90.6147178548004,62.0389723611506,70.4455440380445,99.9646162600351,88.9910442005034,82.54,26,"Medium"
"Replit 390",64.9718889394218,79.4530046426511,99.0207355158048,92.5284151013435,89.294257888873,82.3432828034089,55.423850923499,84.4655206051345,82.43,27,"Medium"
"Oyo 256",85.336034172669,92.5129410031135,99.2671312128932,78.1641773119667,71.0105351917463,81.5512817487863,52.5443840761379,60.935694445327,82.4,28,"Medium"
"Zerodha 103",90.4604252686989,87.5718606559685,70.935761714755,79.1438372822595,87.8695151819041,79.7456414411294,99.2543325652613,59.0591639525041,82.37,29,"Medium"
"Deel 87",77.9378208791328,69.6256938110892,96.1963415376977,86.0490503427177,97.4812184982392,79.837123631154,65.2944552980057,69.7577648736153,82.16,30,"Medium"
"Nykaa 320",91.5668495442935,88.2761778092409,86.9216852602232,76.2511352317629,60.2910395213793,85.432416203855,67.7528552437325,86.4469600052579,82.13,31,"Medium"
"Stripe 231",84.8123820541386,78.2377458448267,94.0013874038807,78.4535703844969,65.0436987649292,92.8140449380505,56.7667245770898,99.5981373619322,82.09,32,"Medium"
"Chainalysis 109",92.8744023716142,91.1434462952224,82.2808457641988,90.4771246377427,53.8270972978154,76.269775123135,67.7481501510208,58.0112800488253,81.98,33,"Medium"
"Zoho 203",99.9887069314452,76.8321445316924,76.6200269986551,79.3092009465792,87.9928509614382,68.8250238846026,83.8634557767349,63.5321970990883,81.93,34,"Medium"
"Freshworks 262",65.5530869059764,92.4229298360807,81.5461690794622,88.3513095897891,87.5774356068938,70.2614410764301,96.1155860530474,86.7075629520823,81.8,35,"Medium"
"PlanetScale 168",83.3462444740349,91.2791108958009,77.1694207605769,96.1344287065887,70.4095320463192,57.0772943680872,89.0397465087098,66.7200589494374,81.7,36,"Medium"
"Zerodha 23",94.2595936475329,83.748221167963,74.7205245143436,90.0857183756505,93.9300863303366,60.8179510802078,53.988067429447,55.8179242582248,81.6,37,"Medium"
"Auth0 412",78.5071914267843,89.0880425580025,89.6522737340125,89.1668659841082,55.597652378296,68.7098796585495,92.3487819995086,83.7831451103536,81.58,38,"Medium"
"Polygon 212",98.1620410903489,74.2771081568902,82.542775703346,91.5764904871689,76.0978360969038,58.0714106905495,36.8405551732274,93.3050772688917,81.39,39,"Medium"
"Robinhood 161",95.6105513556367,86.859604295339,66.9216173573518,86.3688538320531,56.2730935543721,88.8188212017131,53.8668115322558,93.534422772872,81.34,40,"Medium"
"Zoom 317",95.6210912295958,89.5383493859821,85.3162252298085,90.3303866015503,55.2035326130685,66.580201396246,32.3593763203941,82.489402338215,81.34,41,"Medium"
"Meesho 116",92.5119826903001,59.2889572292271,92.0885352626503,88.9104434809135,60.8308945218697,84.1552377134869,98.4894326294349,55.0122781861438,81.16,42,"Medium"
"Netlify 194",98.7965759125841,91.5978287919439,61.0973612343781,95.283365867423,50.9576911860177,80.8449747449856,41.4849733962914,83.6191921645852,81.16,43,"Medium"
"ClickUp 357",82.2705157205572,92.1752819256403,91.7208689363574,95.3471071932848,31.3529341642321,74.0999216695853,65.2625243872797,81.6198128232754,81,44,"Medium"
"Slack 61",92.2733895706906,60.9427485949754,67.2273724830184,97.6478279080226,78.1883512944496,87.6121667559732,73.3477913044526,70.1605316591911,80.97,45,"Medium"
"Polygon 115",74.8256858826756,87.3383811668241,66.6250131582743,85.4302801938594,88.355497335631,82.1490873832059,99.6504887599107,69.65519537797,80.66,46,"Medium"
"Postman 20",74.9845045850588,72.5987754649059,99.2589738241635,93.1377707089986,71.5562553845977,75.3833312975083,45.1061446579533,85.7376638221973,80.64,47,"Medium"
"Clerk 104",84.7287225326504,94.2980981316599,69.3307948154152,79.1083840598953,98.8809214247325,53.5305117342706,80.5384133654854,81.137670161992,80.64,48,"Medium"
"Stability AI 246",94.4945483498698,94.4475075381214,53.0043880054465,92.8220197629158,45.82202984712,76.8950727216216,91.161544883501,84.1266229768861,80.62,49,"Medium"
"Zoho 136",98.4869019389817,62.9912181546815,99.96482354624,79.590507662769,73.4462335877209,88.5441750686567,34.3484808231393,50.5651268294511,80.5,50,"Medium"
"Groww 32",75.5267970482609,84.8987427512755,94.7418007370014,88.3872401994882,30.8194627511633,89.00466595277,83.6993160433095,90.7335502354994,80.43,51,"Medium"
"Meesho 496",81.4958241175169,93.9139365118609,78.6342552124678,90.4229865215157,52.5168992761684,85.1881989721082,36.7247498965477,90.4837518132945,80.4,52,"Medium"
"Zerodha 458",83.3356717906448,53.9539924615175,78.2001809300324,96.7759057087452,97.243888285924,67.4521740462619,66.148590490616,93.5956530640253,80.3,53,"Medium"
"Intercom 363",77.0174575446567,76.1976707079323,70.1539645878065,94.0093863203507,71.6592172433977,91.1204799742967,61.9788510129146,93.6429710782832,80.22,54,"Medium"
"Unacademy 199",70.9362828772283,88.0047229340782,58.4373978955772,97.1957748913816,97.0213613326667,78.8780478784351,80.7434005534779,57.815848535443,80.11,55,"Medium"
"Swiggy 494",73.3399668676458,89.2302604966491,76.900778082332,81.1399242059003,74.4054582210181,84.4931772289663,84.4571620534574,83.6125343647097,80.11,56,"Medium"
"Wise 392",97.5336182728415,92.7888603012685,48.5349621212318,85.2584970308142,92.8992423272388,73.1720007460967,47.4709361742115,65.3885452646575,80.01,57,"Medium"
"Anduril 60",90.0245900656343,54.4748626741705,98.1892627047127,86.2378537498592,79.3910103850677,86.4895361453563,23.1183456528904,81.4910327217354,79.97,58,"Medium"
"Netlify 151",80.923913766806,76.85792820126,66.134998888776,91.2031433720478,85.5947463784584,93.6615699376726,52.1509759912584,71.3060618976115,79.97,59,"Medium"
"Groww 255",73.1500644115003,89.5603238402974,69.8060115315502,94.0964688520471,61.454481942775,76.4413641999231,88.7835739849316,87.3539133564514,79.95,60,"Medium"
"Deel 150",98.772101424764,72.3364811240556,87.8688189315181,92.5274007708379,38.7374569776794,81.6664900833073,59.0796506127924,52.5286551912114,79.91,61,"Medium"
"Trello 414",89.90437520705,84.6914830089823,86.1582936184804,80.06069390859,43.7083158893989,74.3407251727136,80.56384917589,87.8126895711217,79.84,62,"Medium"
"Linear 407",95.0880216325243,66.5836854675693,93.196252914428,80.5085275146175,84.9632680203886,60.539151691685,57.6768201947787,65.7886575624748,79.81,63,"Medium"
"Ola 358",82.864507578796,80.9548575035366,95.3654314308036,92.4617927373112,38.7057879300357,66.0598688827,94.331577376935,56.4162931094382,79.53,64,"Medium"
"Framer 426",65.5708829065355,80.8504379253037,98.5524252946032,92.7960927121375,94.2240090192393,65.1742959004588,41.7306545019496,58.0961503316107,79.51,65,"Medium"
"SpaceX 222",80.8065400444797,89.361575270789,97.0842005323994,74.7069275857322,54.4174373778635,59.239982241806,84.304391238678,96.7216519376721,79.49,66,"Medium"
"Okta 408",75.6978042969054,88.8961212427837,66.9870789292793,93.369007420005,99.3929531094954,59.8799265453411,72.9530906109609,52.8440698888823,79.41,67,"Medium"
"Rippling 251",70.3297755319583,92.7482532777601,72.8018447628442,88.1965364813296,75.347221219337,92.5131316452386,59.4055256602638,61.3136215001593,79.36,68,"Medium"
"Supabase 125",96.2541754037894,91.1485375666232,74.2365847983298,86.6335139122852,54.3093927321355,70.7772264715904,49.8498094737907,56.7729768397345,79.23,69,"Medium"
"Segment 171",99.4484297791841,70.070259783108,91.8000189743095,67.1340442118076,58.5308946001672,89.2136315385884,78.9940868616542,58.0683679194192,79.22,70,"Medium"
"Canva 123",82.3361699894322,79.9266503545815,77.0708344120728,64.4863139665821,97.6492170106485,81.3744221859337,73.9829041733928,91.7473602847202,79.1,71,"Medium"
"Zomato 443",93.8580916693807,88.7055078735142,87.1009926302234,71.533987088727,49.2292670533524,50.4490449496302,92.1930426628883,97.7282964429406,78.91,72,"Medium"
"Linear 297",74.7565455827909,74.7885816774113,81.4002934492399,83.720559948556,97.4854891543076,77.3029276122846,41.0597877214409,83.8180533936362,78.85,73,"Medium"
"Notion 224",82.0762735509794,92.2580464330803,89.1513315656074,62.1283052270209,86.5764647006455,62.0840190230423,66.4559267643428,91.1636606340015,78.8,74,"Medium"
"Airtable 302",88.5339834353821,82.5539051159863,85.3697997337148,61.9760364486466,74.2898315124021,86.2290643323048,80.0212611151074,63.5977279699099,78.52,75,"Medium"
"Plaid 16",75.9401893758949,56.6898227488901,84.5623912719989,95.5522610230224,95.9207998133248,75.9705163717244,57.9136976092882,58.0609405987561,78.47,76,"Medium"
"Simplilearn 157",96.0463204196396,72.2971092292789,61.9876920922839,58.4658650915564,98.669116471388,93.5165873865266,67.4272144406488,96.5199210084663,78.46,77,"Medium"
"Postman 245",84.8834680091149,50.8043270630036,91.7678246525937,92.7466933605378,63.3505890440654,62.199331419383,99.1560904772045,80.1575060061473,78.43,78,"Medium"
"Zoom 370",66.1745086109681,83.7343324284316,97.7869066953504,78.5058734680749,84.1793964706934,54.6155583162615,94.6564070207445,72.151685316881,78.38,79,"Medium"
"OpenSea 438",90.4983474296276,67.6622100383008,84.241424643268,80.442977979172,67.0761806761934,71.3414759439629,67.6865564190645,82.4116734403923,78.32,80,"Medium"
"Asana 351",94.6202850357592,74.356996040425,81.6970653341477,77.0441543852373,66.110333189863,80.8310439443518,51.3674861523658,65.2871978723646,78.27,81,"Medium"
"Cohere 472",88.2895453725359,51.4213765171539,97.3900838979688,89.511184221932,85.4816581401868,69.5062504740036,43.7086090810631,54.0307702584801,78.27,82,"Medium"
"Masai 153",87.8299475593847,84.691049168562,47.2125433222365,89.5136623212155,91.3963406712732,60.5738032248179,65.8085786305618,90.2824402681671,78.26,83,"Medium"
"Boat 500",89.5000499243899,79.6418498975394,87.9228514992745,82.3652589178865,60.0091414690503,56.3146033187082,87.2726968322326,54.306606953184,78.22,84,"Medium"
"Postman 311",75.0913665241849,76.6583503096783,95.6200580754577,91.9016132857581,79.1778351074365,53.080642370011,36.6032748964563,77.8289214251077,78.19,85,"Medium"
"Wise 453",81.7089777339039,81.6109236744847,94.1057195281254,70.559683007821,89.0554764836277,58.2548988381546,46.1435764686222,86.7182838246109,78.19,86,"Medium"
"Runway 15",77.3540659695189,93.2481642861255,83.6301441859785,81.3564020472646,54.8339904285189,92.7917867526147,32.518137280288,70.3874052501366,78.18,87,"Medium"
"Ola 247",97.9808249463057,69.2497910181138,45.7428733312097,92.4348722769783,74.8333229523091,88.9743035125261,49.7173810099501,78.7679586564549,78.14,88,"Medium"
"Figma 76",72.8019840412245,68.9641047766624,79.8282716573083,87.066552657443,77.3984447814506,73.5129581488515,79.8547129639077,92.2106162643072,77.99,89,"Medium"
"Vedantu 308",81.3046906582009,88.3043111321946,63.9589549485585,58.4144831396503,97.6233253590074,83.4296672150573,93.6591720274108,86.4389027225324,77.89,90,"Medium"
"Segment 385",76.4736365658907,85.7664296937468,67.5880254261592,96.4008453541831,56.0217506434431,81.227731572957,69.8151632759838,61.6870396018372,77.88,91,"Medium"
"UpGrad 127",79.7050041716344,67.2412337712274,95.8569217304187,95.123873247773,39.7437690941987,81.2567942263978,33.3885625789425,93.4204761973467,77.87,92,"Medium"
"OpenAI 337",66.1143655673733,86.8085160853578,91.0854974647058,97.1015123346516,50.6711034300283,72.0993078222424,55.0542890598676,69.4363173938273,77.83,93,"Medium"
"Clerk 124",76.9688803698791,57.8917075380552,92.1342990687231,80.7236876447408,69.0396178375031,82.1446986080749,74.2025291106948,98.7345298024276,77.81,94,"Medium"
"Zomato 179",92.9014897169268,88.2138043204394,72.0161528036127,88.3985539490728,60.7404871643624,50.5470547164824,57.2007614021142,70.4227790704241,77.8,95,"Medium"
"Robinhood 213",84.2469853780352,85.5825424177534,46.4126153856846,79.1325798961486,83.628115295691,93.6804445434385,84.7218912233341,64.4719760809744,77.67,96,"Medium"
"Stability AI 417",95.9829829309827,78.1799144734137,68.8806490981194,77.4221646288743,84.6925299023113,57.7262258467452,36.9957821756378,96.736495774415,77.67,97,"Medium"
"Tesla 319",87.1640927657796,79.6303325596292,89.5640578151517,70.385325408994,65.0280801997141,79.9908371387076,54.3988171296848,70.101360844412,77.62,98,"Medium"
"PhysicsWallah 84",98.0242858775022,78.086700853211,56.1849766910194,97.8423765179716,63.9912789761578,82.8205157339598,21.7940711329644,50.3189521703295,77.6,99,"Medium"
"Scaler 145",95.6457245479228,59.672317036584,64.248419299062,77.2773869482691,80.5500264819134,83.0499769434016,75.9711655697697,85.4719432316987,77.6,100,"Medium"
"MongoDB 360",90.7797173276775,63.5433605126067,76.3751762650587,88.9032357598918,64.5005209113213,87.2850019057737,25.2932151067552,84.6711064028154,77.6,101,"Medium"
"Trello 465",84.4581694173859,81.025923611177,80.8136667525012,77.2126230231771,48.1679248223263,74.3792433920404,79.1093341706426,95.4009272710831,77.59,102,"Medium"
"CrowdStrike 423",97.593284944539,71.6685058180647,52.9121123210343,94.1139532357735,77.1891206875244,55.1927588980513,92.7340211242868,53.1018381814391,77.56,103,"Medium"
"Coinbase 42",64.0311200550971,66.7989192325889,98.2837056424984,90.1647691838486,75.6604154014358,90.2342436139963,37.4972490398342,69.7629657715579,77.55,104,"Medium"
"Stripe 492",92.1141379439204,61.1196455304566,52.3412357317333,94.0272731099318,94.8335847902247,74.6788623347103,48.0655287468012,79.0322612954817,77.55,105,"Medium"
"Magic Eden 8",94.2184233604403,91.1680655480645,51.9725470557487,60.5081170937466,61.9365556268879,94.6964756940334,92.6582790960258,96.6277439209656,77.54,106,"Medium"
"Airtable 45",87.3202709366543,68.3930376994143,69.5366713868821,91.1502302044816,60.0951754173104,68.8751597280791,72.9575155835095,91.3651074868623,77.5,107,"Medium"
"Stripe 487",80.7535222850429,78.9609962838436,98.0716020907018,60.6540321556132,84.0138837685025,79.7757929779935,66.2105403475538,58.8576761611313,77.47,108,"Medium"
"Anthropic 389",98.6010764266605,80.6224685933621,81.7021137315132,67.105411531842,98.193611067145,50.0896460848582,26.3151522357244,74.9064971774021,77.38,109,"Medium"
"PhonePe 180",97.991996531677,61.2350603986634,76.4743055676067,57.8107447752686,89.2878197944942,80.3308963576457,87.7910344457099,83.9848608416673,77.37,110,"Medium"
"Railway 369",83.2495288569045,93.5995034878561,48.1099773492894,92.1762352094748,51.8304700541818,89.434374491404,73.4294325360651,64.2270692838467,77.35,111,"Medium"
"Simplilearn 196",93.5331481884455,92.4919920101045,69.1523055511795,73.0081127201889,86.3106045375654,52.5463545266022,33.3992871275286,83.6546065455609,77.29,112,"Medium"
"Redis 30",97.6092096569983,75.4178509968177,56.6096678341031,91.2059377742727,67.3777230783435,51.6208468231142,85.7464757268287,70.1603878066626,77.26,113,"Medium"
"Zerodha 54",85.1577138711954,50.8869741989464,98.1647393401172,82.3605282211077,94.1644665088845,59.3184114144885,22.4919274234713,97.9059004459717,77.23,114,"Medium"
"Perplexity 267",78.9584656105149,57.9437614402479,74.7032150203845,89.0927400184551,84.2742305282195,80.2607224111263,71.5796198861455,73.2668466969743,77.2,115,"Medium"
"Runway 444",65.0995464932793,85.0932945002007,93.5250813364141,75.9696839507144,86.4875843618796,82.554964805971,47.5166149246148,57.5716157184982,77.17,116,"Medium"
"Remote 3",90.3138444185748,70.3597782259712,83.1521066963358,80.8809083543618,34.166729024344,79.8095305265481,79.380254975927,90.4202869446846,77.15,117,"Medium"
"Stability AI 100",74.0366005020831,78.5065198921766,78.34719626893,82.6199976139248,51.9776702164147,83.9411716856936,89.1546597494691,84.4022778537064,77.13,118,"Medium"
"Slack 226",95.0661441063338,94.9070349740002,53.684786316936,91.5489409736685,35.0621532680557,79.5540228563551,31.526302881056,88.9758350712032,77.1,119,"Medium"
"Deel 428",84.8029102371405,59.0236127015151,97.574598659262,77.2501931254668,62.8991787710556,81.1433141160966,34.7705965877895,99.88746945051,77.04,120,"Medium"
"Scaler 92",91.663161749034,89.0810589154061,58.969366298605,84.9115802993627,41.2017455524236,64.6382810310364,81.1482709149142,97.337812234612,77.03,121,"Medium"
"Oyo 249",97.0635050064598,80.5841277211881,78.518290026596,74.4032917997825,72.2445167230365,54.7657611981691,59.1514029925271,63.7961347190273,77.01,122,"Medium"
"Framer 119",90.1351274103577,90.5008388831647,90.2869173788866,61.3404586483702,43.623668569341,72.9000750015975,77.208012902696,80.1224720983294,76.93,123,"Medium"
"Runway 343",95.870616985057,94.153378011234,92.6784592267042,57.9945693709834,57.6591635328052,61.7106469093353,23.969149867107,99.3668079289773,76.9,124,"Medium"
"Netlify 350",98.7788173310148,84.2462556125913,50.4114708991905,84.8484746609227,37.8058548624893,86.6356558516023,84.1156620978363,66.3470512168338,76.89,125,"Medium"
"Paytm 478",97.3746805907606,82.1339119459593,79.6822366642249,58.7449889722182,83.0117144994107,66.7639973191798,54.4987095833246,73.8419438866562,76.89,126,"Medium"
"CockroachDB 71",90.1817149633873,53.8478838884511,82.4066330131268,88.7030467328721,74.583162221832,51.6906990679508,66.1361919086205,92.2332954545112,76.76,127,"Medium"
"Polygon 135",83.3347506038864,67.5183026318889,79.4707182761822,71.5048169331209,69.8564152827598,94.0336460775113,67.944169291155,79.1626196156278,76.76,128,"Medium"
"Swiggy 324",83.4736447208352,81.3862157751178,55.7867541946506,85.6166028742236,55.8869279191024,81.7457373627569,86.2042441819238,85.6068522940302,76.75,129,"Medium"
"Discord 140",68.9438335407781,75.4882088133604,92.2452070202355,69.3839854159031,63.2882226240779,92.6190800198834,86.9893663816121,79.4176110491577,76.74,130,"Medium"
"MongoDB 292",67.3808407742551,89.993663594104,67.9123367370231,89.554952023986,85.2252730243205,62.1862847616638,73.8211691529973,64.6676710720505,76.74,131,"Medium"
"Snyk 64",74.8807234317113,87.3598939055146,50.1854743052524,89.4030516540639,60.1370536923545,84.7005267133349,91.0494551147229,83.8719035614147,76.72,132,"Medium"
"Alchemy 57",92.1392372153939,58.034509792445,59.5114038534817,74.846971400051,70.753912261588,92.3353034226398,90.3348618080998,96.7152057083745,76.69,133,"Medium"
"Oyo 198",76.5927800935066,88.7919192945191,57.0923741177154,86.4253014941714,44.7493474707042,92.5001862212436,97.8461438329839,69.8496081103737,76.6,134,"Medium"
"Snowflake 144",61.726396478023,82.9657443744613,92.7109336780809,66.7420448288309,93.6618227656069,85.3792543517476,68.7757940122093,63.7619590518504,76.58,135,"Medium"
"Palantir 96",62.3023504006658,69.1346077011155,99.1978073775308,89.1504852449146,50.2471340380858,66.6923453670994,86.9695702264522,99.5166151896824,76.56,136,"Medium"
"Deel 330",85.836689653264,89.2329587485354,63.818891024457,74.3650920929327,44.8395838289061,87.1134456806153,69.210331243296,97.8815823136294,76.55,137,"Medium"
"Groww 173",81.4438546537648,74.3855426320261,68.7509126577839,65.620088360096,83.5169456258302,85.8506628736118,84.2112249882344,90.2716164649993,76.54,138,"Medium"
"Midjourney 48",93.7950124387782,82.2187502981329,66.7183153001599,80.3849506897272,51.4419449144749,72.3892933465746,80.8681064744625,58.4101827883259,76.52,139,"Medium"
"Ramp 170",98.9757923066467,92.7606809219361,62.7871468107538,57.4533530095039,98.65175405084,63.0520489383097,35.7322867962367,76.4970293465117,76.4,140,"Medium"
"Hugging Face 281",87.6157931451746,56.9253157852935,72.4007148762706,97.2914233267545,34.3882735135306,77.598125819932,97.5941220276153,78.8440600655604,76.4,141,"Medium"
"Midjourney 24",86.3477452647578,59.4457516893014,66.3169251513754,92.0389098436278,72.8801427841373,58.6216825580672,92.6270811106827,80.6397917768255,76.36,142,"Medium"
"Segment 296",84.7301908612118,79.485889128756,50.5181765414596,97.3167437185694,56.4122637774235,82.9730063653774,39.9735162192184,89.6095597400838,76.33,143,"Medium"
"BrowserStack 410",77.5653963428087,93.5687042561625,62.0655610526374,58.3956739742056,97.3937845177244,77.7335218666576,80.309446616793,85.1053727056896,76.32,144,"Medium"
"Zapier 461",97.8913335844726,53.5360323719759,71.1044813167123,63.4322016477509,99.6373505776166,59.1562734123918,98.4454581648579,90.150594076316,76.27,145,"Medium"
"Lenskart 240",96.1663477797499,65.957997093835,77.4315594805944,62.0823731975887,86.2437920307819,61.2901870560996,82.1639428521405,83.6919449135002,76.2,146,"Medium"
"Zomato 39",96.2140256782426,58.1867658722872,94.5419512399385,62.0870370763658,69.1049677515298,84.1449314190796,41.5609489833818,83.7911462552037,76.16,147,"Medium"
"Anthropic 318",83.743698142162,85.8841709723118,47.6628090181141,74.7484034784482,96.9759870839,90.2905740118926,58.9812283280041,55.1717057430242,76.16,148,"Medium"
"Asana 433",72.4688827118219,85.8901595286735,90.661424964377,80.8827075336507,30.5489113540342,72.8512278781451,78.7940677915915,94.1636800713112,76.14,149,"Medium"
"Wise 77",95.820929139848,90.1702269984639,68.4778525449888,63.7066640871052,72.4045474616883,52.4585489000438,84.5332042421453,74.2010286254702,76.13,150,"Medium"
"Ola 294",74.8188841116553,88.7957427769453,73.7378089526746,96.5864444561443,60.3672193703571,52.8136833084281,37.4566027641738,84.8916392752585,76.1,151,"Medium"
"MongoDB 332",74.2438690359138,87.1617537754143,76.035660001637,82.999346149912,63.0597262914087,69.976375452787,60.7883207640366,75.7230663869947,76.06,152,"Medium"
"Hugging Face 133",85.9684120846426,77.1418449259875,79.0739786224895,72.6259102569404,91.6220333504249,65.54038785102,32.4965254949298,69.644755444659,75.97,153,"Medium"
"Framer 114",74.9708318302448,79.3139174758339,80.3561270935076,88.7505700157931,83.3331268823409,63.3451960492669,36.9308718855889,54.2063831129691,75.92,154,"Medium"
"Wise 347",99.2951446763442,74.2993420872135,58.2807483458825,90.9927683854464,50.1186717525906,58.3541017205559,42.4839800133511,99.7784450245344,75.9,155,"Medium"
"SpaceX 118",99.4400425529148,56.1598533530963,81.5575571335699,73.9285569120861,48.1534428121966,73.1234508893046,84.3531247741979,83.0859341321978,75.83,156,"Medium"
"Coinbase 346",76.4158730795865,78.5302566394825,87.4018261784237,64.7687209520111,92.3150501845322,53.1721375539415,68.6655600006217,93.6809264368608,75.79,157,"Medium"
"Freshworks 310",70.7697292379752,71.6263959796992,99.5490101295025,63.058713596196,96.5540895411937,73.4652060875096,43.3168730795035,83.2527994503316,75.77,158,"Medium"
"Anthropic 80",96.2152790567706,61.6740545044082,75.1212618638051,69.0580595025374,99.1625176308914,63.6889423836326,39.3197188205494,78.6521100309508,75.76,159,"Medium"
"Mixpanel 131",64.7527166507229,83.2115127391867,79.5331282139594,88.78301957745,58.1245160458027,86.3181906740016,71.8911165415052,51.969591684641,75.76,160,"Medium"
"Mixpanel 306",64.286880453591,80.7466443646818,95.6306691687672,85.9322057618738,79.9132235444023,59.0126908040432,27.5021221005613,79.6730691352362,75.75,161,"Medium"
"Remote 431",91.5438884489812,76.1887130861479,72.8775693384216,73.6876263169246,34.3542258315292,90.305364992845,86.4759336844055,70.0352083417233,75.7,162,"Medium"
"CRED 486",94.7958544824851,70.3543228033235,44.9303000485856,97.69112407696,69.555971871693,59.7950329811241,40.2286494600089,98.5470124802309,75.66,163,"Medium"
"Monday 86",85.273488486792,74.8421231383391,71.8701716800619,74.2902571310453,65.3818582537315,60.093206747827,82.6990600860189,98.2873604909874,75.52,164,"Medium"
"OpenSea 399",91.8106924743956,62.3396841056902,99.8018112311786,80.7293718248036,45.9764754445589,65.9422097247747,27.3888422489103,82.0482764049379,75.49,165,"Medium"
"Flipkart 44",63.7777184302371,78.9799794457557,91.2631056021748,76.7516657969286,78.4744978668458,90.1651202368914,41.1708021540286,57.8406352658403,75.46,166,"Medium"
"OpenSea 250",79.6846517231815,59.8214249539279,76.4256421653268,97.3545552140576,55.0469858879484,56.9672875668974,79.3313161468834,88.4290665456601,75.43,167,"Medium"
"OpenSea 174",72.3811046514531,89.2825626144384,41.5385239483861,93.9689469624046,70.1470266018901,61.2710554456625,99.7790319922882,88.008046489508,75.42,168,"Medium"
"CRED 445",75.8914916224147,51.7828471406761,97.3200811902357,83.0456431604553,62.1765409281863,74.104546970641,78.6400085778099,73.8708094740177,75.41,169,"Medium"
"Snowflake 66",73.6321416101207,80.0638311456791,60.2201905858772,78.8686528199983,92.3067924628666,56.8217783660045,92.0768716552374,86.574823202157,75.39,170,"Medium"
"Algolia 282",61.572485593644,86.7124906245778,92.8047452536875,61.0505957060966,88.7536944649202,78.6959711103171,65.7008375949678,78.1959783377812,75.39,171,"Medium"
"Segment 397",93.6731510703309,78.7336676448839,43.7375078878038,75.1570225149737,51.2041010183235,90.0884990742416,94.2904449692315,86.5110858878625,75.31,172,"Medium"
"Chainalysis 314",68.4579202798618,80.5107268651579,71.2574786363225,85.5404403408024,84.7276704341455,76.3002009390842,57.4455243387432,54.720944883024,75.28,173,"Medium"
"Cohere 475",84.2686018553142,74.3583350885482,57.7921348772593,67.6200193979492,97.2094923083813,64.4522968686179,98.685376521093,79.3311959141831,75.27,174,"Medium"
"Perplexity 333",99.4606099517192,55.799144036305,70.9407656617899,81.6999284015725,91.610971654504,50.9860997948754,60.1020515700584,54.2528192744621,75.22,175,"Medium"
"Robinhood 449",88.8901027357226,94.3998166970216,66.2561874433235,76.7694405582937,41.6024845874109,71.8292596990793,65.328420712437,66.9042204683131,75.19,176,"Medium"
"Supabase 355",86.7457287969772,91.9412647479508,89.3488338180616,68.0696952533511,56.5365834070355,61.248062587893,38.9546659925319,65.7619717324725,75.17,177,"Medium"
"CRED 441",92.8502921868805,63.1248160419186,63.6685767142021,77.031642434469,77.5734232914575,80.9884233188544,29.3266459644557,97.0251976439701,75.17,178,"Medium"
"Hugging Face 482",99.3936479584934,53.6051680873104,79.6181631820803,76.8187133648658,47.3138221073358,82.5231988507462,75.3609004757324,63.85346248567,75.17,179,"Medium"
"Cohere 361",67.4817499423009,81.8677439890377,85.8885880541797,83.5943508494678,58.3002823078408,85.5181781743859,21.5324388441002,85.0305748197226,75.09,180,"Medium"
"Slack 476",76.9652268520954,81.9077233752912,60.982193784751,95.0654099356111,66.502174710503,59.9050096657139,40.7736671160331,91.4219335469495,75.09,181,"Medium"
"Zapier 181",89.0287803355344,72.0241233639413,85.8929956925277,75.9655613279555,92.516314363679,52.3326109603878,24.9915254878622,52.8340216082918,75.06,182,"Medium"
"Newton School 97",81.9811552929494,51.0111188744053,97.9071217861627,58.9985975123947,93.0058228111536,90.5873088537118,69.5620960029043,51.2884799382175,74.94,183,"Low"
"ClickUp 204",99.8654734829562,60.3503976779466,82.9690404533916,74.9490969275985,50.6233577442335,83.7922909263493,46.1003134432917,54.0614817403336,74.91,184,"Low"
"Wise 227",76.1393146484959,65.782031695327,52.7226903944936,83.7679605051516,96.8580645104191,93.5841799264952,69.9198788423186,50.8100198669734,74.84,185,"Low"
"Meesho 474",83.0515344066725,52.3387077643163,61.1950845101238,77.0447122161259,96.0591114974155,75.1576678225971,85.4992183587241,87.7566808722598,74.83,186,"Low"
"OpenAI 405",80.9226169907648,51.401033729803,65.5650030334223,91.6473465988208,97.0452860691743,52.5979471651303,60.1214368280133,95.5669595039315,74.81,187,"Low"
"Midjourney 6",61.8401056808701,72.4265497732766,98.487589728807,89.9061008878759,38.0141346646134,67.9026481475971,91.2327613775463,72.956201164334,74.79,188,"Low"
"Razorpay 243",91.3461205096457,60.512348797246,50.0808524646918,77.3335919586693,93.4277701492748,77.4503337685769,63.0418164291122,83.8241874760302,74.76,189,"Low"
"CockroachDB 280",80.1366908341943,81.3209278124206,54.022724914626,66.9068929572458,79.4883541219001,76.5254295268114,94.169902549156,94.5192160427633,74.75,190,"Low"
"Paytm 241",73.930218680932,62.9257546244337,67.1060607242337,69.1992477894744,95.0459637542298,80.4211829623646,88.9762378926551,92.3443612214476,74.74,191,"Low"
"Webflow 335",69.4890716694398,83.4578715331224,69.8178089743498,91.1822447826447,77.4469240217031,72.6184059183559,22.7929242124979,68.9989539482697,74.72,192,"Low"
"Segment 237",83.5967074741853,83.1912035715001,65.4242952189258,88.8099625735134,50.670334583356,62.0330912535894,78.0004861039295,55.1421296078738,74.7,193,"Low"
"Coinbase 439",95.07062547047,71.5972475622706,68.561087762126,85.2132522426772,46.9325305879022,75.2305232722528,54.7075138284195,53.0723145065394,74.69,194,"Low"
"Supabase 175",92.551800788278,82.9501198884303,60.4748696575694,65.7304865935288,96.9233000528353,78.119334482315,22.4020804263514,57.6949952346887,74.68,195,"Low"
"Stripe 291",89.9303876153463,55.8281714577262,83.8390306143548,92.9439038415156,51.93435423096,59.6482917346924,34.0098512104283,85.7359416751018,74.67,196,"Low"
"Replit 416",69.2885078058727,84.246079592435,64.9692398907857,91.7949320350142,73.5689549096198,81.5965743281823,20.5502369775719,70.6139863915833,74.67,197,"Low"
"ClickUp 253",99.2013030114191,54.0234951040517,63.4543597543309,57.8037974242012,92.2061356185779,89.7347221173398,87.058433686544,61.6666411324663,74.65,198,"Low"
"Zoom 376",62.5349988189107,71.98894356821,66.3707013179746,86.815877192978,83.9110748229967,80.4623352348577,95.7729170320198,55.4022279688204,74.62,199,"Low"
"Loom 379",92.3949778341854,70.0656217869537,52.962290950576,91.9086921023622,48.5907983071024,83.6760134149583,42.1971743779963,77.0687210453719,74.5,200,"Low"
"Scale AI 427",91.7610075708118,69.3637652704758,88.0922267129794,79.5862111380779,50.3353153969994,56.4278884166449,35.248786645956,82.9051109028246,74.47,201,"Low"
"Zomato 94",63.6482441219476,90.2548502102341,42.4943715430235,81.6423415107732,82.9349529765124,86.7550759927536,80.9842099600768,89.1648991478024,74.45,202,"Low"
"Stability AI 207",97.7906291952971,81.3329949145163,47.3131656002169,70.0287739997332,88.3901217900473,62.4343598809634,30.3743182579388,99.421049698174,74.43,203,"Low"
"Mixpanel 387",97.181165769913,59.9346325754942,99.691979030186,68.1042971016037,50.9860369295665,55.2898085067599,44.950354861098,91.0033751027825,74.43,204,"Low"
"Netlify 402",66.5706319172397,90.234464165561,58.3752172471967,86.957307545459,82.3211084617686,73.3651056851092,32.0377816804798,85.0869136938629,74.42,205,"Low"
"ClickUp 192",83.7652286140854,81.3839120261078,43.6160434173737,96.4259606711827,78.4772702075976,62.8591246066718,38.3492621630138,70.5651986033116,74.37,206,"Low"
"Chainalysis 279",74.570794441923,84.1207314066841,88.0213904693417,93.964159954928,49.331869047463,50.4074372711167,42.8566054128712,52.5208386801105,74.27,207,"Low"
"Meesho 383",83.8255496243138,70.3124160948354,43.6809776266401,89.6109914041819,66.2572369398805,80.3140437863708,77.2839978593716,79.2793841936306,74.27,208,"Low"
"Oyo 451",85.6459053154119,72.449966905311,90.4522947655554,58.0500852937523,44.642982578555,85.6201191166116,91.8709173267228,69.5871225281139,74.27,209,"Low"
"Stripe 113",99.465583140047,74.9380101132107,45.6340429473651,69.3722477039306,67.9193368687003,77.0699245684921,62.2141972977356,94.8982323423894,74.21,210,"Low"
"Midjourney 331",82.8311321867565,51.3161277365552,66.8321524302901,87.1995324894222,76.014743751909,63.1572399685487,92.8484573771537,78.2872475306645,74.2,211,"Low"
"Snyk 138",71.4284834512744,82.357065733291,98.630451053279,62.9324788847465,57.6596420285023,82.7175542726926,56.4137593386925,65.3216411351686,74.14,212,"Low"
"MongoDB 409",92.6639775788631,71.2944458011201,51.6773507092459,62.9691977197347,68.1137632960184,93.1938261221055,80.0941709563234,88.3263658110814,74.12,213,"Low"
"Remote 166",78.5479361975993,66.2438253623012,76.2069156028827,87.309128699249,65.7892823540526,55.9271762860592,72.7236328105786,74.6267690357145,74.08,214,"Low"
"Runway 28",61.0604524216649,51.6447350531643,94.0421118406755,87.46680293609,93.1717315100089,59.9383752333354,75.692491611034,67.7333102492541,74.04,215,"Low"
"Unacademy 128",60.4541457906968,73.3512967377277,81.3716050618937,82.6303035800132,61.0830624441542,82.8041477745117,60.0287556972448,96.3231898978092,74.03,216,"Low"
"Cohere 299",89.8988375253503,68.3803945881814,72.1496610683849,62.1360604977188,78.091348655227,53.6517130341308,89.6535227300414,97.2962322016043,74.01,217,"Low"
"Trello 313",72.8831666233271,65.6514143555987,90.5219976625853,78.2541314643784,37.37554455756,91.4344973808511,92.67476415035,56.7288133552054,74,218,"Low"
"Vedantu 242",80.5595795663924,63.3338654205196,75.1965077905284,87.5403147446113,58.3571886169296,81.7983441445419,45.1100397377976,66.2164688675759,73.98,219,"Low"
"Slack 368",71.5452221296102,93.8070036129829,41.5487144169692,74.7954056616828,77.4279587221267,92.3504365640153,96.919385965929,51.2844822434704,73.96,220,"Low"
"Calendly 463",83.4491932806719,55.9722089319377,84.2460261232891,67.0693782671869,98.6800612254275,89.4807703909777,25.3787344072449,53.9640142315596,73.92,221,"Low"
"Intercom 141",98.5289015776244,71.4222680989595,86.9431290434964,56.1264584668788,68.0117208770364,72.3316438797063,33.5782742861539,69.8842207216527,73.89,222,"Low"
"ClickUp 230",90.2054902269448,71.5944029136759,90.3916781720032,82.991859087491,35.3803452693314,53.401262623433,26.581785942165,94.4956688181431,73.87,223,"Low"
"Brex 217",74.3265087213136,77.7138434682037,69.0127388031955,86.0810150379648,64.1339466767048,81.704949261235,32.3940248914754,71.3743227045134,73.86,224,"Low"
"Brex 129",78.746425679765,52.1134685048775,80.5908031466348,73.1136662916451,73.8364024994745,88.7760906704305,75.2707181240658,70.9813691403405,73.85,225,"Low"
"Supabase 183",76.7297214516248,94.4450603598491,83.0873845735897,57.6940877485802,91.8425334090242,62.9434728069655,25.3613230200968,69.5955281471955,73.74,226,"Low"
"Zerodha 289",71.0751059258882,89.4857388183671,79.7103513909627,81.4578150780015,48.9275300469168,50.6185499305105,87.6096681196828,70.3295268679736,73.74,227,"Low"
"Webflow 286",94.9431449642711,76.6822970678766,59.9801147834919,83.1345797499734,52.1389104810515,58.967165141006,49.3912582957656,80.0456002829543,73.7,228,"Low"
"Trello 315",73.0998940871166,75.4579383798106,77.4151412801656,68.5170548669012,75.0904455033141,74.2249374465071,57.3039530351855,91.5759166556112,73.63,229,"Low"
"Perplexity 260",65.1218335583109,94.602588176164,65.6919768955369,90.3504359058097,46.9352176220871,76.2316725561918,30.0801622291195,92.4723203112868,73.58,230,"Low"
"Zomato 191",66.0166756441411,51.5275690363609,95.6220726877784,83.5429565055503,80.589487038876,85.2691929117848,36.8634481240023,61.499687698162,73.49,231,"Low"
"Zerodha 35",81.8246715726374,69.8343236122203,77.8936132055512,78.4361575125683,64.0200345658322,76.1730031845137,41.1249587754975,62.7668186881622,73.43,232,"Low"
"Plaid 234",65.4548590234708,84.5723036239033,86.8315309146317,89.6753555410121,33.5158208024782,76.9570064217672,24.5582981597895,88.268168192902,73.43,233,"Low"
"Notion 403",92.5829888092553,60.3479572650989,77.4337501774983,57.0701419470692,63.1666879878563,77.3488707393044,97.4461105160587,77.8232318674411,73.41,234,"Low"
"Swiggy 5",64.6429056202767,57.93741439278,99.7800349634045,87.1671467154699,78.0612939444825,62.9998222509125,35.5980159920231,69.2305537989384,73.37,235,"Low"
"Meesho 159",71.2385275836892,69.5672302371686,81.7280324013917,76.3478295512779,90.4483265760182,72.7158019237038,24.1591481582166,72.5029319713113,73.36,236,"Low"
"Vedantu 10",78.966953163493,76.126475762512,44.3319045387505,94.9075965340201,38.4717500339635,84.2453565572926,67.7724244792242,96.6874711500735,73.34,237,"Low"
"Eruditus 429",81.3384436790529,72.1217546033647,69.2712426355817,73.5083786438026,92.309879617721,59.2813451226269,47.3686096690875,72.5869737990722,73.34,238,"Low"
"Zerodha 454",70.0719623562781,75.1841907569111,67.688647877484,75.3172142652801,98.6834770414881,88.4738308802663,20.8648866908157,60.4415467747295,73.29,239,"Low"
"Neuralink 7",61.6291520927588,68.8516452277047,79.0195411808162,83.2285801152546,56.8687218131486,91.3788961095222,79.9982238761657,65.1642945424641,73.24,240,"Low"
"Magic Eden 228",65.3606091380256,84.5234730019007,76.6588593310595,74.8787091230261,66.5803619535722,77.1636740251719,41.8912334288617,90.9190212389768,73.24,241,"Low"
"Scaler 68",94.3365100737205,63.1916478617456,65.8532514197084,81.4873743611877,40.8121823056327,74.2592548731204,86.0332531299158,57.3218128301408,73.2,242,"Low"
"Zoom 2",74.2389071460505,60.1072170322992,73.3218130562579,97.1387241624306,48.0325054233605,71.6400565971354,69.6379028041576,69.04956368342,73.19,243,"Low"
"Groww 223",94.0872600127416,73.8021710312245,76.0967092087799,75.841940346592,37.769866915392,71.73678639015,30.9718790522195,84.4543826874115,73.19,244,"Low"
"Midjourney 352",92.6828828379712,93.3346401736548,60.7659835922671,68.1283590979594,48.731487370958,54.9694338534996,80.0615719368845,70.135186049728,73.16,245,"Low"
"Byjus 172",87.9264685607898,58.3309817977379,71.1449071081731,66.253344400644,87.9263245474412,80.2716347394004,42.9215639141698,78.5997939141796,73.15,246,"Low"
"Plaid 457",96.3380224533451,73.297023952312,93.7070644423922,66.9030152350261,46.9383991221932,53.4064877289404,28.3563614480121,79.7614866359701,73.14,247,"Low"
"Webflow 126",64.447899292246,68.8446736201433,41.8232235818102,97.9289429898968,70.6327320695587,91.4447534493459,95.3353589326424,61.5737606882649,73.13,248,"Low"
"Intercom 120",75.0503834212366,89.3250534903132,96.6768531684414,69.1122884052004,34.0353307539317,66.6176346596993,67.4526575231575,58.1509556907443,73.08,249,"Low"
"Unacademy 91",90.0949811775072,56.3050929094904,96.0325010516743,72.7427391564908,57.1590731962809,63.6318907538193,21.1505156857668,90.271502152299,73.07,250,"Low"
"Mixpanel 329",74.5232918559454,89.6391841639518,58.3314586394814,69.9614806980332,89.5243600783927,52.8802855973879,60.8464605967648,92.5575367712991,73,251,"Low"
"Zomato 41",62.7744520350066,92.5751957960135,54.2525994954327,86.2171361293677,81.0421441284614,65.8872676220136,75.5712767114982,53.5054069820629,72.97,252,"Low"
"Stripe 485",96.8336753046949,86.7783996483122,41.2566976618548,85.1971269393616,41.3889820665996,50.3763656844586,69.1176245060186,93.7566809310576,72.93,253,"Low"
"Miro 160",98.0164593630624,61.0880914957598,63.3134860762207,73.7845802124527,71.2112065491924,82.3304276295148,22.5395012298391,66.8727139482114,72.85,254,"Low"
"Byjus 110",88.2496890862598,55.2987987300563,52.1112071273769,76.4249943373285,67.898532514331,92.8499803563918,94.2545678491161,58.5468201210424,72.76,255,"Low"
"Clerk 325",89.8175789673732,80.6063347292135,61.6081844482911,90.5170631464475,33.6648514131231,69.2420600166502,33.6566690649984,67.8298087993103,72.76,256,"Low"
"Remote 154",78.1816425907109,54.7969213910197,72.669345877651,74.7020361297294,96.0829465677778,81.7191954519522,42.1610019460783,61.2159279426763,72.65,257,"Low"
"PhonePe 421",84.9695198365597,77.7492641534332,48.2265823437399,59.9421188735614,74.516829501461,78.4138514548269,90.7669510583691,98.466090614209,72.63,258,"Low"
"Nykaa 176",87.3892469021552,86.2952516537652,62.8117371271514,66.6938382235311,44.0332160869882,75.7285692414687,91.7892692632746,57.4624734870737,72.62,259,"Low"
"Calendly 164",71.0952473192453,62.2465311753483,53.6361776357891,81.2396814275386,83.3258733964388,74.8718184073345,90.4778404511726,87.6234168793247,72.57,260,"Low"
"Notion 290",92.2480511917224,61.9520019164918,73.4670050422015,58.5889556545435,88.9898331512388,61.176931716641,83.6741109714802,57.164072935132,72.54,261,"Low"
"Plaid 378",72.8941537989889,80.7482919472927,78.4495788814124,67.041605170671,38.4145060384403,88.6443925707262,79.1253580751498,79.2781864396651,72.49,262,"Low"
"Scale AI 287",96.8348960212725,76.1038793527015,80.1692173118914,61.5404841785577,37.132467164621,89.4861520994517,26.9613774642231,67.0479285717779,72.48,263,"Low"
"Postman 345",80.9804555828102,61.6911611478872,88.3555240070573,91.7967021329488,43.9450692425837,57.2208176422052,28.9274399965798,76.5935883252508,72.46,264,"Low"
"Flipkart 364",80.3044151473782,65.564737562883,63.9197816663388,83.8414894119509,30.6946674789485,92.8766757651128,82.019524146796,74.9979495982394,72.46,265,"Low"
"Redis 448",69.1700558093057,60.8920257138137,81.2880823651925,86.9745383955921,33.0729959850104,87.9496775504547,85.6784813839313,70.0730889544522,72.45,266,"Low"
"Alchemy 149",82.1541713760528,52.3141616067913,85.737108086597,73.4752429477742,85.3356855992419,50.5138092554333,62.8748063081695,77.4934281388103,72.44,267,"Low"
"Notion 17",84.6340039220887,68.6580855677161,65.5296000668845,65.3497866087977,76.800085270604,66.0704521685226,77.3117689566479,82.8204801750329,72.42,268,"Low"
"Okta 167",74.1340891210421,54.1211932996985,80.092767913301,83.249071719487,64.4627836000827,88.9383091509011,36.8985465178345,72.105351733986,72.4,269,"Low"
"Slack 34",78.3301156196607,73.5975621197411,77.377995013809,62.6294370871974,50.6528495357909,92.7706626758883,75.3887137968846,68.6728972566353,72.38,270,"Low"
"Webflow 47",72.7590252117505,57.0268668814786,92.2449940763507,78.3161998361495,49.2766821978793,71.4351079985494,82.2420194515722,70.9591437951061,72.34,271,"Low"
"Notion 219",86.862927823712,51.0980351700442,73.0135925293757,85.43690918088,58.5280121722702,65.5935875578723,58.7630396064009,78.2115908342268,72.34,272,"Low"
"Railway 353",70.3161130817976,65.3842474717409,98.5366120515949,64.1437081839571,88.4836158019536,63.0134350833177,30.0389037439321,83.6253631336825,72.31,273,"Low"
"Zomato 134",89.8417951706169,61.0407099356594,46.3955818184794,91.1114982823315,73.6384170711608,65.1024704421429,70.8752261461369,51.4326213788827,72.3,274,"Low"
"Zoom 499",73.8781280758491,85.5364328214116,98.109326655663,55.0672995232333,36.6779494119247,73.3103629882081,58.5705679135874,99.1260636128019,72.22,275,"Low"
"Alchemy 288",62.4431183941945,54.116907682899,99.64836167327,73.933906989839,55.21637431603,83.2425417826955,64.542792874255,95.863403328884,72.21,276,"Low"
"Alchemy 479",97.0227405162711,86.0777637381406,51.1117340720481,81.5338601930655,41.3170005365873,53.0921154975782,47.8015036251004,81.5046563430832,72.2,277,"Low"
"Cohere 232",88.1631907239689,89.3154701383853,61.2052827581631,57.6777435529211,85.6160881143524,63.37808556383,44.5170774434256,64.7033731088389,72.11,278,"Low"
"Notion 233",68.5185664603564,94.2837561139683,54.2122335384689,77.0376138971243,79.4960534086689,54.1430143737114,85.7904968948284,60.5159278142897,72.06,279,"Low"
"Flipkart 22",80.1254503432035,53.0184414824792,92.0218897673469,67.2939919372839,74.526723248668,79.5483983168544,37.1930109629117,70.8833497908497,72.05,280,"Low"
"Wise 305",81.2845394106126,59.9082440877415,87.7269976473838,77.6781837512751,41.6867162123039,74.4914284751164,48.0975509879025,81.6855799882765,72.04,281,"Low"
"Mixpanel 338",69.8383091353803,87.4460380080984,52.5106308614401,82.2681119467167,39.5620632555821,91.7199782986292,87.1344315984239,62.0149561725183,72,282,"Low"
"Railway 344",63.2093498264657,78.4316087157501,92.083401406447,62.5199017985663,79.9244818297832,57.1771518143611,77.9678629478103,72.2051778453309,71.94,283,"Low"
"Trello 285",63.2703612779549,74.1638490302036,59.4600251869225,93.4415575303384,81.863283930645,54.1126168849299,83.8185810678571,54.493842586808,71.9,284,"Low"
"Railway 471",96.8999752470918,81.7914076919105,40.7265085140932,69.5710079215663,43.3075354848609,86.1716545337051,65.4379437852864,79.7839912080765,71.88,285,"Low"
"CockroachDB 415",80.1088156036992,88.01524526526,40.6618758657188,97.8038131962263,39.8562064224873,81.3393413166248,24.4484417344368,72.7091831368353,71.86,286,"Low"
"Snowflake 464",80.2355471553786,75.5393381717701,70.7333152487605,63.9006808728523,69.8677845696972,67.5232222540494,67.5877903601528,78.2925280156623,71.8,287,"Low"
"Anthropic 51",71.274190990936,59.9887472869827,75.5770510860957,79.2959456929377,85.8866238362847,58.3761153989007,75.9159062789908,61.5690318188424,71.75,288,"Low"
"Auth0 156",83.372572476924,82.7684940291622,59.4751497940162,60.7396388138856,62.3872923545775,74.5893642235031,66.6552643421678,90.8652656106618,71.73,289,"Low"
"OpenSea 342",66.9349438117902,77.7617113269084,62.8373976085948,84.5120694575022,75.138282281562,79.4828171535952,38.9982845401806,58.8448475411992,71.73,290,"Low"
"Boat 265",73.8266913329545,73.0709829957429,46.24657896305,77.5031741413739,66.4118924617526,87.7910722998992,66.345157332955,96.4429774922783,71.72,291,"Low"
"Railway 186",61.8087468042476,81.750882763206,51.7466791410128,77.8940893378343,73.8614757765247,77.9581602072325,88.2037936996776,82.0752240628126,71.66,292,"Low"
"Stripe 193",75.2356342652409,63.3807053317648,96.0661616083309,79.0872318888592,39.4104590585685,69.4745095819668,57.5285768838063,62.0265792590074,71.65,293,"Low"
"Mixpanel 406",74.3532193649401,79.3250071419148,47.842622604412,83.7156013787355,95.9907023365879,67.5964791107329,39.7326892644325,51.0467058913367,71.59,294,"Low"
"Canva 148",62.951862589416,76.7785068815115,88.4707565164755,66.1497606312283,39.1456640676424,87.7548797473105,96.873611754306,68.7360985253688,71.58,295,"Low"
"Auth0 177",66.5046775737956,79.6452515019823,63.929366853814,87.6541252839724,37.6484947216735,87.4773669554722,69.8104426878926,63.4087183872457,71.54,296,"Low"
"UpGrad 254",79.7047237597148,68.7911349103218,75.6685801111704,74.9490492029303,65.2158765545885,59.1184685360904,48.9123023253749,81.2665084977227,71.54,297,"Low"
"Perplexity 303",95.808273507488,72.3144080785447,60.8542914543389,55.5421233589576,79.2699964144032,87.0342712268795,32.1638853939593,60.8945689813372,71.53,298,"Low"
"Freshworks 70",90.0348427116599,50.5850865579831,77.0286991962418,70.2815364534868,75.2075670400539,69.1352683446962,39.9206988887272,77.0148265895154,71.49,299,"Low"
"Wise 75",93.0582986443097,76.2368702436361,84.1841209039384,56.5183882624303,51.7852246544375,68.7454622817031,46.1311399540729,62.5584633774201,71.47,300,"Low"
"Linear 56",89.4028417521554,85.9962238417935,79.4041998724775,61.8830803030466,52.3206772824797,53.1053416675767,22.6941123099571,94.3090886064673,71.46,301,"Low"
"Alchemy 404",86.607888827848,59.5897116811287,71.6224878346991,93.8244847932554,34.0491114613012,61.0408541374795,55.7371621806816,67.9310790976796,71.46,302,"Low"
"Framer 456",67.263908672057,64.6907588709796,79.561235332347,61.0210361947927,89.7649445193267,70.9839390263077,84.0784560322692,77.6183068908617,71.45,303,"Low"
"Snyk 206",90.7594966072204,53.4628940733144,64.8129460915211,81.1666727259481,81.6508662993071,62.503374924037,38.6004793766265,57.81007539653,71.36,304,"Low"
"BrowserStack 273",71.1436135612783,93.6096183563365,59.4022937269312,77.920241291584,33.8032424376033,83.6772957354304,65.6701933471581,71.3199178400811,71.36,305,"Low"
"Stability AI 307",77.8964946729382,53.4258886770635,54.0785249113272,93.2810962797655,76.6469789504744,77.7552623533643,58.8904388171939,50.8121721604727,71.29,306,"Low"
"Mixpanel 327",65.1032121118226,83.8722487800939,96.2174693818638,65.3145868485056,59.1553102332715,79.2195046059597,36.3558697971418,50.6448734894763,71.28,307,"Low"
"ClickUp 382",90.4091143955875,69.1781586006188,49.1214911877189,87.4203618546617,84.119931174307,57.2164432753884,20.8227596748554,55.2741713730518,71.25,308,"Low"
"Alchemy 236",74.0235023522639,68.9610651024682,89.3568591108207,57.2341328348335,58.2011297842846,79.182716905341,56.674513930515,93.2781191586102,71.24,309,"Low"
"Vedantu 9",88.146314375201,66.3077254602485,80.8136945458775,69.5455027577634,55.8337115232642,52.0210084548027,80.6972256931137,55.932188287079,71.22,310,"Low"
"Anduril 312",60.802847911109,87.1106434666317,72.3974278168336,90.2197310960512,50.863654604761,66.7000822293558,39.0517322932557,67.1365462713954,71.2,311,"Low"
"Discord 31",83.0189671150352,52.9568887742759,75.5410197156017,86.3250991179494,39.949598665542,57.8849797447622,72.7608614912616,91.6822005237586,71.15,312,"Low"
"Stability AI 304",80.4670976846267,53.6470797158442,79.8947034692331,79.0694943964505,30.3054288755216,91.9719728659743,56.665887567006,83.0917292556999,71.15,313,"Low"
"Groww 209",69.8939240697279,82.6145047187943,80.867071237899,61.5036136356022,39.9995201110587,94.1165933423983,48.425579877911,89.690905195402,71.12,314,"Low"
"Boat 336",64.0712989048161,57.2341953221739,99.5294808893988,75.2653481981211,72.5426485576906,52.5279234806348,64.0927969533098,80.3567640441788,71.11,315,"Low"
"Airtable 220",80.8123080361517,89.1544493255418,42.6047519712891,78.3721433457338,58.4974542387939,67.8925570348792,44.1935609022829,92.5287264007558,71.08,316,"Low"
"Zerodha 62",99.6202056800269,82.5020119335047,54.1630278007878,59.2646582822503,56.2187020914085,64.9485964902022,45.8421876603275,87.6198941151894,71.07,317,"Low"
"UpGrad 49",60.930877429433,79.6515773859568,70.8890412357814,76.8595035174,85.2289611944555,59.2106049075778,35.0177924553802,93.9665107839237,71.03,318,"Low"
"Mixpanel 122",91.0858766370975,77.0232587195144,69.8304858405056,58.8098184762235,48.9173384491548,87.237784394295,56.3811474042129,51.1853876822259,71,319,"Low"
"MongoDB 300",61.4673281156239,66.7709832655541,45.8005869788032,92.9228936070997,64.566982831985,92.8170819579554,83.4075850567308,64.7912048748268,70.91,320,"Low"
"Linear 152",85.1759455254105,65.0409750867632,89.0700529705013,63.0023609673899,49.303729777595,69.6947597666692,32.2952834275364,91.6181769830498,70.85,321,"Low"
"Framer 334",84.2309927742755,65.0803484416614,95.163518392865,70.1521227042151,45.1018475423518,63.5470735025441,24.0194407858386,77.44364007713,70.85,322,"Low"
"Robinhood 468",97.2847312993445,57.5367162016581,82.979403283761,64.4199587913799,35.115709341891,79.1743103353443,62.5833500761164,57.173472850901,70.84,323,"Low"
"MongoDB 89",73.1465818147966,92.680398813297,47.3265948406016,80.5009063700317,32.7297208802438,88.1791420590736,72.3473604394176,67.2903049205213,70.8,324,"Low"
"Databricks 371",79.2456040741927,55.8538808058784,72.971772153701,71.3572236057276,84.1045037313281,67.6728834472137,41.2397125943258,80.8552972214328,70.73,325,"Low"
"Meesho 437",82.7955873948527,53.2601099507552,59.4805556134036,82.1462247829555,97.0553884739739,53.107065784157,43.9953655821618,72.1016710465562,70.72,326,"Low"
"Chainalysis 102",65.7196672821134,56.2710233332771,67.2843913380316,79.9393028594097,72.2060013535623,76.5787025297587,66.4760303910543,96.9264891736565,70.71,327,"Low"
"Remote 90",86.9007382430815,84.3622607371892,67.1319416970061,71.8356050216467,32.166905364354,69.0183138656124,38.5614544247049,83.5546578542988,70.7,328,"Low"
"Flipkart 356",97.1750395651034,54.6129377595806,47.9514803645109,83.0859999928452,53.6141882738365,73.1752546869375,74.1914503911098,56.6604962068314,70.66,329,"Low"
"Chainalysis 190",99.4910451725978,91.1969733914619,54.608937794578,55.938406061346,78.1405429701393,53.0758940139481,25.6827911235202,64.8643602140663,70.61,330,"Low"
"Airtable 14",66.9280747964006,58.0116185091388,92.0963503245028,73.8944145568614,35.6126009857332,91.3291894465434,70.591305946271,73.7798095911004,70.59,331,"Low"
"Auth0 33",85.7315287376941,70.3979975636612,52.63973134034,83.2149590202861,59.5423982089347,62.7115434789662,41.7556831534759,80.5915510051611,70.59,332,"Low"
"Segment 435",89.7578517029071,70.484906708681,69.2944682213067,74.0653406183051,61.3371397787293,50.8155818470578,43.0356274140794,69.3637205712421,70.57,333,"Low"
"Brex 293",68.3739729334684,93.0043174203389,43.6085405560471,76.7238912637955,92.4310501367514,61.1401896625949,37.6403410748518,76.2735153677947,70.56,334,"Low"
"Unacademy 309",69.6988201453892,72.2815937156288,49.144960799825,86.4543490846356,83.2726453175548,83.2062827009311,23.2047295240556,66.1765206242746,70.56,335,"Low"
"Remote 37",75.444105512031,75.1838149088698,47.8940611076356,95.3076868593761,33.0617350616263,76.1039975601255,70.90994252267,67.7448841743277,70.46,336,"Low"
"Zomato 187",61.0546789798901,91.636174283705,40.4537724986885,72.6771109118304,94.8467824711061,65.0322484550946,95.0372185147115,62.991406897015,70.45,337,"Low"
"Stability AI 13",78.9388708312226,79.859181740752,67.757377404359,73.5793059666004,34.9705365173279,83.941923800616,66.3045403609552,51.6329530392248,70.43,338,"Low"
"Remote 106",63.3642722445999,57.7255678631737,48.3790752853788,84.0881213007336,97.2794839785315,81.9194372812674,76.5917600026342,65.3608208510636,70.42,339,"Low"
"Byjus 63",76.5047070764571,88.5063410647829,44.4098048398007,72.2642555820354,41.6802141189127,81.2128125863208,91.8335349566133,76.5647009175466,70.4,340,"Low"
"Cohere 266",95.8715363962405,60.3801415272991,83.4603290277245,67.3469321976367,40.0013172937588,58.4843272587163,59.1699569640196,66.5985752367923,70.36,341,"Low"
"Figma 163",84.8053039120615,81.2613411884492,62.3951074977604,61.8330512097822,44.2256163760261,86.0001566793657,68.5477564432111,60.5562971279019,70.35,342,"Low"
"PlanetScale 105",64.0449070449116,73.6560582036209,80.0118554527663,80.9499696636476,50.1883806473122,74.5023631596739,55.3835044360908,61.1338039561542,70.34,343,"Low"
"Vercel 413",72.0551149665657,84.9468583756284,84.0168628336841,56.4908214692388,45.7766887604736,69.3024950043565,85.3926277844888,69.7968613097975,70.32,344,"Low"
"Masai 208",93.9858956270964,65.294373369563,50.8689609720808,59.9061187501811,81.8333292367463,69.4408517417528,40.5170448813413,98.8639966283224,70.3,345,"Low"
"Tesla 274",67.0804193710699,89.7703648233542,53.5993841336193,61.79205738192,82.405166388834,91.1546898731852,34.8216284306659,77.4072601364011,70.25,346,"Low"
"Canva 459",76.0340566705456,65.7782119044131,76.8360150856037,69.2479213054312,43.78479931174,86.1591946758172,57.118535853351,78.8490806208841,70.24,347,"Low"
"Lenskart 328",71.351036231949,57.1372297381883,73.2281344427426,61.1047955597227,87.5525920771496,92.1326279661017,47.2329244891408,77.014970338075,70.23,348,"Low"
"Amplitude 488",83.6510174297972,73.6881197421251,57.7266866486452,66.8134555973393,64.9226965175159,71.7795215680886,48.7366997586152,86.1033032101893,70.22,349,"Low"
"Eruditus 26",62.8227498960172,59.2312838216903,69.2001364854822,94.5138409465008,80.6781138826266,54.5811657327292,35.0336304652258,83.0888866235819,70.16,350,"Low"
"Hugging Face 400",68.0650928019098,94.2789941581923,88.8382161703611,67.7812257314705,47.2622544484617,54.74054680166,33.0232791364983,73.3090795563779,70.15,351,"Low"
"Nykaa 434",69.9395655925786,63.9662881515608,45.8849548470547,93.3785014680584,74.1645253160414,68.867224752471,62.5163931351444,70.7412827760676,70.11,352,"Low"
"Runway 498",73.8538397746384,58.1953062059915,42.5170734058982,90.3115261496597,81.0203009588963,86.1350932381027,57.3354496707527,51.1033074341145,70.08,353,"Low"
"Auth0 450",88.801461461843,56.4122994305681,55.2802373227631,82.2664733491822,61.1879147119324,65.013277812659,72.5624398587286,56.3412011275209,70.03,354,"Low"
"Intercom 121",63.3400286679468,76.8835895976639,80.9948816973788,73.6628327454766,53.9713585184299,91.9816188156352,24.2678397591118,61.6906416546532,69.98,355,"Low"
"Miro 489",75.9601081548052,82.9215284789899,86.153388870288,71.9667712506988,30.8472181743275,50.2391064050756,85.8841781289455,52.0142759388999,69.95,356,"Low"
"ClickUp 455",73.8278397401568,50.4396881338633,78.2320886084968,56.9628960566025,85.5200011797718,89.7151944547556,86.1240859353171,52.9282652642267,69.94,357,"Low"
"CRED 215",86.8680273762343,78.1651119396654,55.3937670220818,59.9350614903763,72.9522879966221,68.1620451062716,47.4116117218017,80.9694984683251,69.92,358,"Low"
"Stripe 275",63.5481013502822,91.7488527437846,61.2997783499162,84.9236620812585,52.2310756682782,69.5309437718941,42.2914450492029,58.7323592948165,69.88,359,"Low"
"Plaid 58",71.2813829028523,79.3735748533344,86.408387541196,55.401259652565,55.9820696406339,72.8114197082826,39.4717346574824,95.8210272266033,69.85,360,"Low"
"OpenSea 447",65.996697093951,54.7218580288179,58.9244137448808,80.8279958615793,60.2971201546628,86.9624763305312,94.5243931447585,79.0868323710593,69.82,361,"Low"
"Zomato 214",69.1457122201385,64.3438626319432,74.0387331777342,77.5058091890978,89.2145007774413,55.0986577127359,31.7537538867017,73.3840606242439,69.78,362,"Low"
"Ramp 470",87.8660329550757,78.6393612294636,44.2754036659155,59.6451074276197,98.6824485733606,66.8961017809925,33.801910155709,71.638574217091,69.77,363,"Low"
"Snyk 367",84.4248016976653,89.2191562768569,44.0903385631296,74.2233883836763,66.3322596090684,72.7535369039881,22.4083097769055,59.3319969898841,69.72,364,"Low"
"Vercel 101",64.6826806571042,61.6049458444941,92.0750976712013,57.7887045627676,92.1882570616077,67.6937840462565,66.9549205247126,56.0193789394544,69.68,365,"Low"
"Framer 65",91.0565184296799,67.8732588328305,71.1864369133611,63.7735322890426,39.9815900857336,79.459280908968,46.0232494689398,71.4228951924398,69.64,366,"Low"
"Polygon 18",85.4037460347057,53.840735063539,60.7560995528178,60.2245591809395,77.5068969670795,85.4397088636451,41.6754158653092,98.5575453684143,69.62,367,"Low"
"PhonePe 278",68.2533487362317,67.8308908506196,44.0567538155329,91.8587080509464,33.2796335969322,82.55515180325,86.0568761248534,98.26513618152,69.61,368,"Low"
"Boat 388",93.2247763115092,53.7071470527129,43.466833659782,90.6639705889304,75.2521119146551,57.4378020564331,47.1977491034599,52.0789479923297,69.59,369,"Low"
"Freshworks 422",64.6759216283346,85.8441780939279,72.1186078871555,59.0358632474043,57.1715994288897,73.9626829887192,91.6450278505471,68.8919606863593,69.58,370,"Low"
"Deel 55",95.0988805410821,54.6848861893058,55.4880059620677,87.7282260928558,60.1689654359307,53.2021228328045,40.7661159420039,61.022300212271,69.52,371,"Low"
"Miro 268",86.7023095408411,59.9218794081579,56.4496399935883,79.8365147328898,48.99865663127,93.9653129497525,38.3861380638095,50.6841207380341,69.51,372,"Low"
"Monday 12",79.6646350046733,50.589250546475,55.4609733106728,71.0031820250131,82.5824633465893,67.6606183803266,91.1302339152008,76.5786076343366,69.45,373,"Low"
"Loom 88",71.7284308679226,63.2509591793863,42.3606124401106,93.1064185599982,56.894469909006,83.3853347131422,45.0222391368283,86.4185427169823,69.41,374,"Low"
"Databricks 395",89.6448259716024,92.462716407542,46.0627486606388,65.4014346151301,62.05970313025,50.8608034896779,34.8586457604149,90.496221015145,69.35,375,"Low"
"OpenSea 139",94.7439651275784,63.3704772030429,64.4144776433722,70.5761239910484,32.762167302363,75.2932757481157,73.4208473282522,52.0129001504616,69.31,376,"Low"
"Zapier 74",80.2100948979143,58.1645945790409,42.2002856160126,87.722602681208,58.6740226426662,50.0005235639915,99.9114089626632,95.7530366258611,69.29,377,"Low"
"Replit 440",73.6832699486363,77.0009246653687,62.5532971087462,65.2096391401167,65.0422499808295,78.2791905476564,33.1524423263103,90.6861671861114,69.24,378,"Low"
"Swiggy 359",71.1991637464114,53.0526676597327,69.2237151291362,87.940785391018,58.9549872443045,65.9205121431396,50.9858014380251,78.9246254114665,69.15,379,"Low"
"Zomato 195",93.6847569254284,93.6976210324416,46.085249706953,57.247088809299,55.1100867791909,64.960527071692,28.0782485454209,91.3032342274143,69.13,380,"Low"
"Miro 162",78.2262701114285,85.9737145536041,54.2526478524596,87.9170546566177,50.0048488868109,58.0665025358506,26.765230247779,54.1762457340009,69.12,381,"Low"
"Zomato 38",98.4476225529566,56.9858110668821,82.9494978809253,56.8564706392715,38.6102306586622,73.2514273351821,45.9609440140274,70.658625860386,69.07,382,"Low"
"Magic Eden 93",91.5847257117822,71.9344039212281,70.4340885213036,55.138385334984,31.634646742973,82.0679599894331,69.8994467891207,70.0106137924836,69.07,383,"Low"
"CrowdStrike 107",88.0387652583648,62.2538296933716,41.7984153923607,89.6145269862731,57.2637326431694,57.5294586800477,51.1384377353431,77.3229270864062,69.04,384,"Low"
"Netlify 349",75.9142239618297,54.8141287472131,64.1788107259097,82.6439221325244,34.0664366456245,89.6760775329579,50.3801218335454,90.6236910522086,68.99,385,"Low"
"Flipkart 495",75.9267477436377,59.864629431112,86.4780268382673,68.3030268680996,45.5453109485324,76.2671114479114,46.254358623809,74.0638975609618,68.99,386,"Low"
"Airtable 259",65.155188876426,57.5165275741434,64.2591260862575,83.2415445031446,77.7832054856382,50.6927701261089,80.9957566939895,80.2998483635513,68.86,387,"Low"
"Coinbase 46",62.8475459384092,51.1423860047155,54.8338644641906,86.5104664249488,77.1076635676103,85.1164476353097,85.1951782832431,52.0957608358129,68.85,388,"Low"
"Netlify 200",62.2550198660371,64.3595212959465,88.1815538699598,66.0307926851027,30.6204299579428,80.2165616900243,97.420917221565,86.8975473698796,68.84,389,"Low"
"Magic Eden 386",73.9547306617198,81.215700160167,43.4898277303285,86.2468526590239,30.0947538000828,60.3319172339286,99.2087076869493,81.8887070922796,68.84,390,"Low"
"Lenskart 460",78.4802321457653,51.4941398956115,43.9991224336414,75.7277654988196,96.6000867253282,90.5798312845803,29.4967276407289,67.2740426861723,68.72,391,"Low"
"Magic Eden 430",95.7557033220383,52.889402168381,46.5841719206502,68.6287032750181,79.5404945187269,67.6336717934612,54.3966095823857,67.7364278365106,68.62,392,"Low"
"Newton School 301",70.0974777737608,61.6889202692147,67.0222561754911,73.3820565805865,57.1354163818953,87.7321325229361,70.1863148072542,50.0556047098094,68.5,393,"Low"
"Groww 341",71.4038067477539,62.9167159928711,89.0469825094715,68.9794726635631,52.0939140634345,68.4351974019197,55.9231014344101,54.8322417143876,68.46,394,"Low"
"Brex 484",64.9865072481307,74.6416569269181,55.9027856995002,76.2225029546251,76.6620335332634,81.8944544853119,38.1217300828885,56.2172920715435,68.4,395,"Low"
"OpenAI 244",75.8617112928508,51.8941935336363,84.2124246966509,63.8098947884806,52.5046990873517,64.0808327396142,87.208646275136,79.7120913654299,68.35,396,"Low"
"Coinbase 205",82.2172682241051,55.4255098599775,56.357440044012,96.7962291741561,31.0020694366942,54.5617803898922,43.9506698964279,99.6290897743882,68.31,397,"Low"
"SpaceX 69",77.1597610950007,90.3351118334504,54.9228563552578,63.0850635884629,31.7813431934026,62.7112591866502,87.5897078204183,91.6464857787114,68.25,398,"Low"
"Trello 137",74.9948231809482,66.0052722409227,42.8927223316334,80.2740825170745,44.0918475475703,81.5526437715617,76.4111316456451,89.3685979074637,68.24,399,"Low"
"Stability AI 396",82.9789245271965,68.8877292616755,81.5296805016479,55.5333735599245,57.8603705068152,57.4586679634349,49.8007145242773,79.1565109549792,68.24,400,"Low"
"Slack 277",78.431150721309,57.8252862148769,71.1435874544962,68.6207521139036,65.7790397466061,69.5481493552974,34.6270223895054,83.1912237426363,68.18,401,"Low"
"Amplitude 83",98.0024786820322,62.0628638370294,46.7151771638637,92.6959827586126,39.8387077304853,50.066321993884,30.4064535863158,63.5999302672178,68.15,402,"Low"
"Meesho 79",60.4335060592119,65.3817808264044,88.3402091770032,70.8214523059896,45.2524787978493,60.1756399062352,99.8102637921725,65.4234140744742,68.11,403,"Low"
"Coinbase 158",61.8178552136583,80.9781078392481,63.7703614965553,86.3013901998719,63.8385205181203,52.3250924746082,48.3939728701608,54.7680460636502,68.11,404,"Low"
"Polygon 112",63.3935085634077,62.3324849309243,98.1947227664362,57.5176899574911,68.7598039750608,61.939676189996,47.3524222484392,87.864148913775,68.09,405,"Low"
"MongoDB 339",66.4272549303822,72.8360480192376,95.835712878635,60.4293838872736,75.6147832334094,54.7426948148512,32.8543667769476,54.7482637614188,68.09,406,"Low"
"CRED 27",85.6967711282526,58.580947429865,92.4053942848996,65.8463638674545,38.4390891482583,72.7681058480719,26.1577335504699,53.8401524157211,68.08,407,"Low"
"BrowserStack 50",92.5787393035574,51.2193196626568,61.5540021639859,67.7945834067093,61.2493661481108,76.6008636466332,27.0707957587615,77.8520256637518,68.02,408,"Low"
"Figma 52",64.7265931048663,60.3983658464632,49.8114323551014,84.6220679881539,87.5695661567795,64.9204114580237,49.4677771035481,75.1213643583188,67.88,409,"Low"
"Udaan 425",73.3962245862834,55.6333606491148,54.4720874559725,90.6593323706205,54.1634545945947,55.2741757556105,75.2844650191409,75.2965827159779,67.8,410,"Low"
"Mixpanel 271",61.6347446506592,65.7556366625029,93.6514524798471,72.0267303244856,39.3679854099785,69.5112256684676,72.9333807703351,51.3926120410537,67.75,411,"Low"
"Redis 365",69.6963892966032,77.9411982995365,48.7824395297349,79.0989471321589,62.4866611617453,64.7034143913518,38.7540480009212,86.5124594764786,67.75,412,"Low"
"Zomato 202",92.5160403652031,51.6653435621972,58.6784619493602,63.5181982086688,77.3774909200177,58.9546462531747,42.2694785330125,83.5635412614566,67.68,413,"Low"
"Zomato 481",64.5295218336302,86.667130118593,45.9037389828038,69.8445951404728,80.2831822760403,70.8907333882651,24.2212206287682,89.1734780024634,67.55,414,"Low"
"Groww 261",66.0761077404918,60.425226562255,83.0558659394906,71.3580603228252,79.9766842754613,61.3895692630824,35.7135372697614,52.2498410617712,67.54,415,"Low"
"Auth0 284",85.1160155796363,60.071792667018,71.9774671930801,62.9216680872351,47.2776708441332,82.1323725520157,49.9638594703665,53.4697042952092,67.53,416,"Low"
"Palantir 384",78.8630475420063,57.3630719536251,86.8456951641064,55.7742818908195,54.3666915217802,58.0663965082676,76.499693004421,77.2172443817161,67.49,417,"Low"
"Newton School 257",69.6058247511277,71.0330680062441,48.186385153404,76.4059378454745,73.7348703952582,80.6050348451138,46.2586484542672,52.9971650430654,67.48,418,"Low"
"Zomato 85",82.9375155249314,68.4235243486058,43.4252113653589,70.8373098117945,31.9275703908626,93.5080474909678,48.8341461713189,98.9177393528428,67.46,419,"Low"
"Miro 211",65.1663766060598,64.1880652023775,71.5098030200236,65.7915664376328,83.8245947475349,73.3415447471268,25.0051873775561,78.8903525125542,67.46,420,"Low"
"Newton School 323",81.4842616727419,87.6655997763652,58.1877013567197,62.471748504837,55.8095019605357,61.1772623934443,51.8292562413942,50.0015359422691,67.46,421,"Low"
"Airtable 146",81.108044363452,51.4032410777578,59.6219896937943,67.8451996643172,67.3370640135754,67.2959767335861,87.0523979990914,63.5746001271356,67.44,422,"Low"
"Nykaa 401",66.5462377146282,68.4200302841769,76.9131662938607,67.8965217948003,63.8853948797141,60.0062587136677,67.61702673015,59.496806822878,67.43,423,"Low"
"CRED 393",67.2493226466264,56.7976051301405,47.2830963653457,78.2500344957311,84.8238889309038,57.2613260474923,86.7657432204502,80.6818951494692,67.29,424,"Low"
"Chainalysis 491",73.407889665836,52.7158437795754,62.9163783791738,72.6739062364185,54.9920540779009,84.7764307980652,58.1880318497921,75.8141649598837,67.24,425,"Low"
"Chainalysis 29",83.4310232509385,71.24301252995,65.3032556124073,74.803198382788,34.6510691049042,51.751848349655,50.623901154911,77.5331689720426,67.18,426,"Low"
"Scale AI 252",78.3654302495304,85.3855256486998,53.9168257669585,56.1681991126991,38.6044474925771,83.1440852750657,58.6544690650935,84.6177153077207,67.14,427,"Low"
"Vedantu 188",75.058534675122,58.12589053073,78.8484828492762,69.9357630291302,31.3381266100835,82.9714572765626,26.8082788895828,94.3043054406758,67.03,428,"Low"
"Asana 248",65.8829392371615,67.2946991221857,41.4183151627802,65.2682370894062,98.5286780622366,92.6030178015528,35.613321377492,71.4531184651333,67,429,"Low"
"Rippling 117",97.8899430953543,50.4948122896316,50.6289873668432,77.2425694269892,51.1633274546046,54.6132183829913,71.9607143765958,50.8296240316299,66.91,430,"Low"
"Zerodha 419",81.7421144445595,51.4636780771063,55.5887925247021,90.7490611185855,40.2873896711747,68.5381142765346,52.8957991106037,56.0223669998283,66.88,431,"Low"
"Boat 394",62.6598506946711,69.4550660469171,58.1965088540557,59.150982218404,84.6263286499686,53.759945187981,94.8387610821996,94.8967646721868,66.84,432,"Low"
"Segment 239",77.4989968809492,54.9713350909128,45.7321188300801,66.1206959001857,49.67031492361,93.4256916254512,73.3769869755345,98.9575777550308,66.76,433,"Low"
"Alchemy 155",85.1023232033625,53.3812001781114,40.3455196298873,75.7676614996703,40.4157178583581,86.7707663907013,93.704600977038,61.3039535505281,66.7,434,"Low"
"Tesla 98",77.6612200549351,62.0904811723226,40.2963988560646,80.2926974787808,38.1297272140368,86.3012083862633,65.0716280570112,80.176440325056,66.65,435,"Low"
"Snyk 82",72.7725455036166,76.5632724131663,52.3504726022061,68.1409812660792,78.1791965046166,60.3687497952807,52.8953214395669,51.9634707120826,66.62,436,"Low"
"Robinhood 270",67.6915607523468,85.0813013105039,45.1394949757858,89.3103088634834,49.8991865049262,50.3743974002236,49.7738604197518,62.9295795567392,66.6,437,"Low"
"Hasura 95",79.7768121881033,85.9934865176292,48.9005920577253,70.2861994489784,62.0966106217323,58.1726285490471,23.1150413350132,63.2964225316059,66.59,438,"Low"
"Paytm 43",60.728873026062,62.1835102914599,50.8586171625694,64.1809887513589,89.1923054092935,92.5905430917682,67.6242612741991,59.0889433608681,66.45,439,"Low"
"Calendly 283",91.9764159563617,60.0998257326497,79.0526421428316,63.6866737413071,30.2673945861008,60.8909935991395,31.4400898132581,75.013926760388,66.44,440,"Low"
"Supabase 182",84.5366078374316,59.9544248818821,88.7791443229656,56.4453848078812,34.372031553335,74.698639928481,46.8223240062637,51.7336352113033,66.34,441,"Low"
"Perplexity 424",85.1083221228567,55.2788685033077,40.7272464786336,83.7756113063374,48.1933485469983,77.2537050195535,45.1102461212022,66.9652633654784,66.33,442,"Low"
"Hasura 272",66.7574025228866,52.6029204453528,51.5120394831246,94.3488729415029,74.0690387824216,54.1681467373115,31.297883469852,81.5687663024125,66.31,443,"Low"
"Freshworks 169",63.1093854785994,56.1568383913533,67.8096426280343,57.9651947033261,90.5904001937187,63.9404536644095,90.8874748250567,69.7286157659462,66.29,444,"Low"
"MongoDB 490",62.1904655528812,53.6733491913765,77.4798141312558,73.1386116771697,30.6326928355505,86.202258909432,85.6556928613423,70.2711412569577,66.22,445,"Low"
"Railway 19",61.8121603908818,94.8593413330676,62.2623257790762,63.4912310639773,55.3343993586505,61.2950622468035,36.1803344419628,78.1094405532262,66.01,446,"Low"
"Miro 462",66.1340561246432,67.8615474290718,49.0101400490225,81.263543056258,79.8205964022234,53.0138125411372,37.1756709970684,77.013944659371,66,447,"Low"
"ClickUp 354",66.8355034956026,78.4679851910277,78.4583246407199,56.4271422461843,31.0285372058468,63.9413093895111,81.8217135732063,84.1095844627549,65.99,448,"Low"
"Stability AI 375",65.376587077559,64.5624598617294,70.3685117704146,56.8070610323704,31.1863365422707,88.646754702567,87.8487388012504,98.1739973737164,65.96,449,"Low"
"Alchemy 81",63.6514670714453,67.086158367527,92.0962768307955,61.4021861642951,61.780113483728,63.6774130514762,23.228066148776,66.2605598138106,65.91,450,"Low"
"Rippling 276",64.825434844024,94.7708520190896,44.1654305647656,89.110238068845,30.009428510314,61.6420238969948,37.4967840258867,64.7966014718308,65.91,451,"Low"
"Eruditus 340",67.4626809620522,50.2873642272575,46.9819838731286,84.0756351692437,81.7018220692631,84.3998327633977,21.997732969364,65.7459222294448,65.9,452,"Low"
"Airtable 197",78.7477263917988,71.3396397495859,55.4065940632305,66.1867850113682,49.5131910690187,66.8264471155766,31.7820450841673,91.2175223624675,65.78,453,"Low"
"Notion 21",85.0343966285695,76.792325779402,42.4065514847489,82.7698649441739,30.709182881942,66.1360307686193,39.3200502394267,53.4225226283008,65.76,454,"Low"
"Trello 373",62.0729414728971,51.1064112406461,65.9498726998079,59.7609855130316,98.320967629545,72.6409612648193,74.279997463411,59.8122858353083,65.73,455,"Low"
"Alchemy 264",67.2752033759658,77.3481557695487,47.7036573672475,63.7619577424906,68.6750677185522,67.9565892939096,65.4181854344844,73.9264184959761,65.6,456,"Low"
"Segment 210",78.0217654124037,52.9410353359524,50.8863008617376,64.6886279879031,82.7399545579878,53.037614600772,73.9195366516584,82.9711481040999,65.54,457,"Low"
"Anduril 185",94.6425555800163,51.7742065115828,41.0939549605817,60.9875509580566,65.7302742302963,65.883132655356,85.357912581747,59.6717671478241,65.47,458,"Low"
"Monday 326",77.2663818491872,77.8375120196833,45.2585648058303,59.3274115765119,83.7297339962543,69.9145481666636,22.4370949047168,62.724066580913,65.41,459,"Low"
"Linear 111",63.253951225676,75.9432413981414,80.405945999495,58.3135060027762,40.7901530224941,51.9090034193101,94.331161601237,70.90723940814,65.3,460,"Low"
"Figma 362",72.9471694561697,53.0307770660947,50.4903176356247,66.1923348753381,67.1656374888466,63.8508124256335,86.1486848778202,87.6736055329798,65.15,461,"Low"
"Razorpay 221",90.8927356694256,50.9571234882674,77.9890825356413,58.5141898671115,34.6206890898169,61.8924318421388,65.0726691587083,60.0764189003156,65.13,462,"Low"
"Framer 348",64.4815560867221,85.0930427818015,44.8551569830751,67.0088718035396,55.7450191429307,79.8898723245036,33.8796840284018,79.1357224672341,65,463,"Low"
"Hasura 467",94.8849563577661,59.0067609910165,45.0875209627482,55.3295534039167,71.549265476515,52.99541275614,72.6974110981618,64.81629009499,64.99,464,"Low"
"Trello 298",78.5013886453259,53.9144041960135,52.0560213195434,82.2908647499195,36.2502667167901,80.2792250869136,20.052271260904,83.9816591197572,64.91,465,"Low"
"Oyo 238",75.6897618039893,60.7449715595736,80.0529939574882,63.6586426318469,46.2669026139233,50.6799807896514,65.9430060072169,56.2977598189679,64.8,466,"Low"
"OpenAI 366",64.5934729895681,52.0583915215631,62.0520653374919,59.7725471761797,97.4449468621312,65.9491226956875,47.6066996410587,80.9586367682918,64.76,467,"Low"
"Remote 452",87.757937778684,77.8170080443154,42.3055809377395,65.9388379761994,33.4985320061775,70.3082350863165,51.9615027669548,58.1330407552743,64.64,468,"Low"
"Amplitude 130",62.2521310272735,57.4827515940236,52.940509143863,82.355626682454,64.2228482254716,62.3332215203986,75.7708644713447,52.5311236134537,64.56,469,"Low"
"Slack 432",66.06699518931,62.1047031995794,67.2626400735977,88.2768251963967,40.3112130995279,59.1942372529537,29.591287477817,55.7573089197601,64.49,470,"Low"
"MongoDB 132",64.7010498710842,53.7259400566307,63.6318643392495,60.0884562097057,99.5693872229789,58.7858271330421,42.0230570761488,78.6974933034505,64.43,471,"Low"
"Zoom 258",63.0345331243466,77.6035125144818,81.7086732428556,59.5353690981351,35.0243064358559,68.3668260890014,56.3191928959759,56.5486871497087,64.39,472,"Low"
"Intercom 322",63.476811523497,81.8763339521766,42.1696228314857,69.4139460369475,44.6217906803615,78.3611248755271,81.5559115265638,55.9109311145544,64.36,473,"Low"
"Zoom 411",75.0777771769963,58.3486482066404,64.8477851517356,65.2989373061101,35.2923528431726,75.0595299427443,66.2312890155271,66.5676109368159,64.23,474,"Low"
"Snowflake 40",67.8316453915719,88.7803529456083,50.7809865322145,60.6643372585462,54.0217147220861,62.7123229687784,35.2741268057315,82.9079912148787,64.22,475,"Low"
"Polygon 11",63.9133664260401,78.4518929563789,41.8391501323484,64.6584713092856,59.3263453131233,66.7275829881054,72.3306189622299,84.1933225917672,64.19,476,"Low"
"Notion 59",67.0975817511889,60.7182251471027,47.852419643101,65.6071911744298,72.0751916760163,68.4235432317658,64.5869735658407,81.7707178430955,64.19,477,"Low"
"Meesho 442",64.4252694782083,81.2741848756944,67.5668061043592,59.481666520759,35.3367452581495,61.3972572585222,63.7356545657704,82.4382693079693,64.09,478,"Low"
"Loom 391",89.2346990081458,62.2966787149194,54.3508062529555,59.8409567877133,31.651647525187,82.9580472076271,40.8838820987879,62.6155963534844,63.95,479,"Low"
"Robinhood 1",69.9092395800463,70.3498073400413,69.8917429871883,67.5913475781415,33.579476700947,51.3126393640369,73.6925978703751,61.0619348223032,63.76,480,"Low"
"Alchemy 480",78.0335748561653,65.2752586644263,50.4465601200451,59.8950509194939,63.3830074527579,66.6308389742048,24.0279621575483,91.4326453059145,63.72,481,"Low"
"Udaan 142",60.4861789875927,79.8652024413192,74.0209756592001,56.0402458473283,45.9424815272247,67.1232969441453,21.5315894397469,98.6900206678575,63.71,482,"Low"
"Unacademy 4",60.5757395451902,56.338565917091,53.7072844798779,80.0441743029116,72.2656817064571,55.3326180619168,33.5904804840588,91.1811805374487,63.63,483,"Low"
"Hugging Face 165",67.5248463889505,76.5603800091089,44.3917554261066,60.8202255379405,57.057835477612,67.8449156895483,90.6331853214978,52.5646924490608,63.46,484,"Low"
"Trello 380",70.1856261905506,62.313199982675,77.1752772938698,67.5653839098616,31.228665435664,69.7644770562373,42.5292833684505,54.3016078516472,63.41,485,"Low"
"Byjus 269",66.8927948480652,58.3897217964915,44.7651621393392,82.2870439546631,64.7686795972563,54.5851895392822,64.2129814221398,54.0799360002419,63.16,486,"Low"
"Magic Eden 436",61.3412973894312,50.5229242958645,49.0029198816391,81.1048518849064,39.3992395631593,85.6741151107766,59.425566762626,82.9845136465237,63.05,487,"Low"
"Snyk 235",60.5817866267153,68.79950519753,56.4883621328882,74.7473147366692,35.1031284757532,78.064195023062,53.4885819934664,62.6513170460127,62.98,488,"Low"
"Miro 229",61.1513070525336,68.0868911124159,64.6617081884023,72.7059182881339,50.9695974567712,53.4640760179235,59.026745483521,52.0069429542683,62.68,489,"Low"
"Paytm 466",60.7244073528336,86.0264014599087,42.5003740361431,55.2367493638981,60.5897119965935,93.5629615422841,22.595475683775,69.815631274911,62.51,490,"Low"
"Replit 316",64.79048527277,62.016272157624,45.347465926961,75.260219654111,33.3730208675307,62.0984081471987,80.8460513964226,95.9198771040779,62.5,491,"Low"
"Ramp 418",75.3556488549285,55.9060194957074,41.1515366093834,57.7365590993256,70.4808879594252,72.5050738434482,73.0818875130762,62.543954994535,62.26,492,"Low"
"Notion 73",96.1021162671827,51.1939491743219,50.0571529772991,55.2248733823453,35.0198322193356,84.4496037732137,27.5934349457336,68.9520242691517,62.23,493,"Low"
"Scale AI 493",60.1852809201841,57.1795106050935,47.2831850895644,85.7034037120748,46.0073745722526,52.9908496599322,49.0047837247276,96.796862412428,62.04,494,"Low"
"Udaan 108",62.9105202545677,50.827580444636,58.4757964954715,66.6022909655132,56.9858333315846,85.1284272841501,38.3100369986799,70.8596709282288,61.97,495,"Low"
"BrowserStack 218",64.5423036879852,60.4831763639135,88.3595529865095,57.9097395617001,35.4354534270124,69.022788660227,26.6189468494552,66.5142333751042,61.92,496,"Low"
"Snowflake 398",65.5908950650516,67.8917479083257,70.5653276889874,67.95440621268,34.5986401268056,60.8691578765757,24.9446768551378,68.2411235103899,61.68,497,"Low"
"Figma 72",64.1249547534373,59.3548814815712,50.022514474057,78.8317401076767,53.8422916606904,55.7540060550088,25.3804731173894,71.5650853170507,60.8,498,"Low"
"Zoho 374",73.4641711277568,50.9955598188049,58.7089679851156,73.1695824174136,38.7885150333857,58.7238380571602,45.4039760206071,56.2774894949239,60.62,499,"Low"
"Scale AI 469",82.6053273435684,54.705552815048,44.3250601599204,56.5790185875353,73.5640285232072,53.334744015869,28.2612007100039,57.5722760967679,59.67,500,"Low"
